# Host: localhost  (Version: 5.6.17)
# Date: 2014-06-11 21:40:26
# Generator: MySQL-Front 5.3  (Build 4.122)

/*!40101 SET NAMES utf8 */;

#
# Data for table "cliente"
#

insert into cliente (id, tipo, nombre, apellido, razon_social, cedula, telefono, celular, email, descripcion, estado, fecha_creacion, fecha_actualizacion) values (1, 'VENDEDOR', 'John', 'Patterson', 'Photospace', '353-23-5292', '9-(042)387-8168', '7-(544)944-9840', 'jpatterson@realblab.biz', 'eleifend quam a odio in hac habitasse platea dictumst maecenas ut massa quis augue luctus tincidunt nulla mollis', 'ACTIVO', '2013-10-17', '2014-04-22');
insert into cliente (id, tipo, nombre, apellido, razon_social, cedula, telefono, celular, email, descripcion, estado, fecha_creacion, fecha_actualizacion) values (2, 'VENDEDOR', 'Stephen', 'Carr', 'Roombo', '805-28-8039', '8-(101)791-2248', '5-(387)369-9787', 'scarr@zoonder.info', 'sit amet cursus id turpis integer aliquet massa id lobortis convallis tortor risus dapibus augue vel accumsan tellus nisi eu', 'ACTIVO', '2014-01-28', '2013-08-13');
insert into cliente (id, tipo, nombre, apellido, razon_social, cedula, telefono, celular, email, descripcion, estado, fecha_creacion, fecha_actualizacion) values (3, 'VENDEDOR', 'Kelly', 'Parker', 'Wikizz', '836-04-9846', '4-(251)002-0256', '9-(757)958-8515', 'kparker@camimbo.biz', 'in libero ut massa volutpat convallis morbi odio odio elementum eu', 'ACTIVO', '2014-06-07', '2013-12-18');
insert into cliente (id, tipo, nombre, apellido, razon_social, cedula, telefono, celular, email, descripcion, estado, fecha_creacion, fecha_actualizacion) values (4, 'COMPRADOR', 'Gary', 'Sanchez', 'Ntag', '938-27-0627', '7-(237)758-0261', '3-(146)298-4468', 'gsanchez@buzzster.com', 'mauris lacinia sapien quis libero nullam sit amet turpis elementum ligula vehicula', 'ACTIVO', '2013-10-08', '2014-06-22');
insert into cliente (id, tipo, nombre, apellido, razon_social, cedula, telefono, celular, email, descripcion, estado, fecha_creacion, fecha_actualizacion) values (5, 'COMPRADOR', 'Wayne', 'Stephens', 'Babbleset', '532-67-3453', '0-(488)239-3021', '2-(637)435-9547', 'wstephens@voolith.gov', 'cras pellentesque volutpat dui maecenas tristique est et tempus semper est', 'ACTIVO', '2013-12-15', '2014-02-14');
insert into cliente (id, tipo, nombre, apellido, razon_social, cedula, telefono, celular, email, descripcion, estado, fecha_creacion, fecha_actualizacion) values (6, 'VENDEDOR', 'Norma', 'Fuller', 'Twitterbeat', '183-45-0065', '5-(919)584-9165', '1-(701)209-0112', 'nfuller@jazzy.org', 'a odio in hac habitasse platea dictumst maecenas ut massa quis augue luctus tincidunt nulla mollis molestie lorem quisque', 'ACTIVO', '2013-09-08', '2014-02-14');
insert into cliente (id, tipo, nombre, apellido, razon_social, cedula, telefono, celular, email, descripcion, estado, fecha_creacion, fecha_actualizacion) values (7, 'VENDEDOR', 'Lori', 'Peters', 'Bubbletube', '830-62-4986', '0-(056)798-1778', '9-(949)891-3878', 'lpeters@tagpad.biz', 'blandit ultrices enim lorem ipsum dolor sit amet consectetuer adipiscing elit proin interdum mauris non ligula pellentesque ultrices', 'ACTIVO', '2013-12-09', '2013-09-07');
insert into cliente (id, tipo, nombre, apellido, razon_social, cedula, telefono, celular, email, descripcion, estado, fecha_creacion, fecha_actualizacion) values (8, 'VENDEDOR', 'Jacqueline', 'Gardner', 'Realfire', '721-44-6020', '4-(105)231-0949', '0-(558)113-6151', 'jgardner@roodel.org', 'nulla tellus in sagittis dui vel nisl duis ac nibh fusce', 'ACTIVO', '2013-11-09', '2014-05-06');
insert into cliente (id, tipo, nombre, apellido, razon_social, cedula, telefono, celular, email, descripcion, estado, fecha_creacion, fecha_actualizacion) values (9, 'COMPRADOR', 'Donna', 'Moore', 'Yata', '202-18-7406', '3-(390)580-4022', '8-(005)037-0916', 'dmoore@katz.info', 'amet sem fusce consequat nulla nisl nunc nisl duis bibendum felis sed interdum', 'ACTIVO', '2014-06-26', '2014-05-27');
insert into cliente (id, tipo, nombre, apellido, razon_social, cedula, telefono, celular, email, descripcion, estado, fecha_creacion, fecha_actualizacion) values (10, 'VENDEDOR', 'Terry', 'Simpson', 'Thoughtmix', '184-59-5697', '5-(129)314-2855', '1-(695)974-8098', 'tsimpson@aimbu.edu', 'lobortis est phasellus sit amet erat nulla tempus vivamus in felis eu sapien cursus vestibulum proin eu mi', 'ACTIVO', '2014-03-25', '2014-06-12');
insert into cliente (id, tipo, nombre, apellido, razon_social, cedula, telefono, celular, email, descripcion, estado, fecha_creacion, fecha_actualizacion) values (11, 'VENDEDOR', 'Sandra', 'Smith', 'Brainlounge', '574-95-8507', '0-(774)442-8678', '6-(397)346-7153', 'ssmith@blogxs.mil', 'sit amet turpis elementum ligula vehicula consequat morbi a ipsum integer a nibh in quis justo', 'ACTIVO', '2013-08-02', '2014-01-08');
insert into cliente (id, tipo, nombre, apellido, razon_social, cedula, telefono, celular, email, descripcion, estado, fecha_creacion, fecha_actualizacion) values (12, 'COMPRADOR', 'Alice', 'Fernandez', 'Tagtune', '817-71-6273', '7-(364)093-0899', '3-(855)308-2778', 'afernandez@jabbersphere.biz', 'eros elementum pellentesque quisque porta volutpat erat quisque erat eros viverra eget congue eget', 'ACTIVO', '2013-09-23', '2014-04-22');
insert into cliente (id, tipo, nombre, apellido, razon_social, cedula, telefono, celular, email, descripcion, estado, fecha_creacion, fecha_actualizacion) values (13, 'VENDEDOR', 'Lisa', 'Hall', 'Bubblebox', '393-30-5072', '6-(500)235-7617', '0-(424)564-2345', 'lhall@blognation.info', 'est lacinia nisi venenatis tristique fusce congue diam id ornare imperdiet sapien urna pretium nisl ut', 'ACTIVO', '2014-06-24', '2013-08-08');
insert into cliente (id, tipo, nombre, apellido, razon_social, cedula, telefono, celular, email, descripcion, estado, fecha_creacion, fecha_actualizacion) values (14, 'VENDEDOR', 'Michael', 'Walker', 'Twitterlist', '415-96-6223', '7-(424)008-8512', '4-(852)115-2727', 'mwalker@wikido.biz', 'augue vestibulum ante ipsum primis in faucibus orci luctus et ultrices posuere cubilia curae donec pharetra magna vestibulum', 'ACTIVO', '2013-09-29', '2013-09-23');
insert into cliente (id, tipo, nombre, apellido, razon_social, cedula, telefono, celular, email, descripcion, estado, fecha_creacion, fecha_actualizacion) values (15, 'VENDEDOR', 'Harry', 'Franklin', 'Livepath', '556-47-8146', '9-(266)261-7301', '2-(170)813-0998', 'hfranklin@thoughtsphere.org', 'erat fermentum justo nec condimentum neque sapien placerat ante nulla justo aliquam quis turpis eget elit sodales scelerisque mauris', 'ACTIVO', '2014-04-09', '2014-06-05');
insert into cliente (id, tipo, nombre, apellido, razon_social, cedula, telefono, celular, email, descripcion, estado, fecha_creacion, fecha_actualizacion) values (16, 'COMPRADOR', 'Jacqueline', 'Ortiz', 'Linkbuzz', '789-10-7157', '2-(578)268-2177', '2-(103)733-3489', 'jortiz@innoz.name', 'volutpat in congue etiam justo etiam pretium iaculis justo in hac habitasse platea dictumst etiam faucibus cursus urna ut tellus', 'ACTIVO', '2013-12-30', '2013-11-28');
insert into cliente (id, tipo, nombre, apellido, razon_social, cedula, telefono, celular, email, descripcion, estado, fecha_creacion, fecha_actualizacion) values (17, 'VENDEDOR', 'Thomas', 'Wheeler', 'Yodel', '264-26-6402', '6-(318)046-9655', '8-(206)923-4257', 'twheeler@eidel.net', 'mus vivamus vestibulum sagittis sapien cum sociis natoque penatibus et magnis', 'ACTIVO', '2014-01-08', '2013-09-28');
insert into cliente (id, tipo, nombre, apellido, razon_social, cedula, telefono, celular, email, descripcion, estado, fecha_creacion, fecha_actualizacion) values (18, 'COMPRADOR', 'Frank', 'Hill', 'Yata', '611-26-6026', '5-(415)070-3436', '5-(193)124-1334', 'fhill@quimm.info', 'bibendum morbi non quam nec dui luctus rutrum nulla tellus', 'ACTIVO', '2014-05-15', '2014-05-12');
insert into cliente (id, tipo, nombre, apellido, razon_social, cedula, telefono, celular, email, descripcion, estado, fecha_creacion, fecha_actualizacion) values (19, 'COMPRADOR', 'Cheryl', 'Fuller', 'LiveZ', '976-73-5073', '4-(871)800-7460', '3-(944)042-2495', 'cfuller@skipstorm.mil', 'volutpat sapien arcu sed augue aliquam erat volutpat in congue etiam justo etiam pretium iaculis', 'ACTIVO', '2013-09-02', '2013-07-10');
insert into cliente (id, tipo, nombre, apellido, razon_social, cedula, telefono, celular, email, descripcion, estado, fecha_creacion, fecha_actualizacion) values (20, 'VENDEDOR', 'Gloria', 'Greene', 'Blogspan', '736-25-5382', '4-(504)432-0499', '8-(839)946-2778', 'ggreene@realcube.gov', 'neque aenean auctor gravida sem praesent id massa id nisl', 'ACTIVO', '2013-07-06', '2013-09-06');
insert into cliente (id, tipo, nombre, apellido, razon_social, cedula, telefono, celular, email, descripcion, estado, fecha_creacion, fecha_actualizacion) values (21, 'VENDEDOR', 'Victor', 'Stone', 'Skyvu', '144-44-5889', '2-(424)765-9038', '6-(349)671-2757', 'vstone@browsetype.gov', 'nulla tellus in sagittis dui vel nisl duis ac nibh fusce lacus purus aliquet at feugiat non pretium quis lectus', 'ACTIVO', '2013-10-31', '2014-05-19');
insert into cliente (id, tipo, nombre, apellido, razon_social, cedula, telefono, celular, email, descripcion, estado, fecha_creacion, fecha_actualizacion) values (22, 'COMPRADOR', 'Linda', 'Burns', 'Wordpedia', '886-60-6885', '8-(290)423-6683', '9-(645)475-2452', 'lburns@feedspan.gov', 'justo in hac habitasse platea dictumst etiam faucibus cursus urna ut', 'ACTIVO', '2013-07-04', '2013-10-01');
insert into cliente (id, tipo, nombre, apellido, razon_social, cedula, telefono, celular, email, descripcion, estado, fecha_creacion, fecha_actualizacion) values (23, 'COMPRADOR', 'Kathleen', 'White', 'Voonyx', '487-50-0956', '2-(335)122-3546', '1-(259)657-0228', 'kwhite@fivebridge.mil', 'vitae quam suspendisse potenti nullam porttitor lacus at turpis donec posuere metus vitae ipsum aliquam non mauris morbi non lectus', 'ACTIVO', '2014-01-29', '2013-10-19');
insert into cliente (id, tipo, nombre, apellido, razon_social, cedula, telefono, celular, email, descripcion, estado, fecha_creacion, fecha_actualizacion) values (24, 'VENDEDOR', 'Craig', 'Anderson', 'Topicstorm', '498-38-1850', '6-(391)532-6351', '0-(940)599-7798', 'canderson@youbridge.org', 'hac habitasse platea dictumst maecenas ut massa quis augue luctus tincidunt nulla mollis molestie lorem', 'ACTIVO', '2014-03-04', '2013-11-30');
insert into cliente (id, tipo, nombre, apellido, razon_social, cedula, telefono, celular, email, descripcion, estado, fecha_creacion, fecha_actualizacion) values (25, 'VENDEDOR', 'Dennis', 'Graham', 'Jabbersphere', '624-44-2276', '3-(837)242-9850', '6-(394)787-6200', 'dgraham@kayveo.mil', 'eu nibh quisque id justo sit amet sapien dignissim vestibulum', 'ACTIVO', '2013-11-05', '2013-07-05');
insert into cliente (id, tipo, nombre, apellido, razon_social, cedula, telefono, celular, email, descripcion, estado, fecha_creacion, fecha_actualizacion) values (26, 'COMPRADOR', 'Norma', 'Palmer', 'Topdrive', '789-40-6633', '5-(737)884-6039', '1-(216)044-4161', 'npalmer@camimbo.gov', 'erat vestibulum sed magna at nunc commodo placerat praesent blandit nam', 'ACTIVO', '2014-06-22', '2013-07-12');
insert into cliente (id, tipo, nombre, apellido, razon_social, cedula, telefono, celular, email, descripcion, estado, fecha_creacion, fecha_actualizacion) values (27, 'COMPRADOR', 'Chris', 'Hudson', 'Topicstorm', '386-28-9231', '4-(351)369-5571', '5-(519)563-4996', 'chudson@zoomcast.com', 'eleifend quam a odio in hac habitasse platea dictumst maecenas ut massa quis augue luctus tincidunt nulla mollis', 'ACTIVO', '2014-01-29', '2014-05-05');
insert into cliente (id, tipo, nombre, apellido, razon_social, cedula, telefono, celular, email, descripcion, estado, fecha_creacion, fecha_actualizacion) values (28, 'COMPRADOR', 'Eugene', 'Gilbert', 'Mycat', '433-79-6582', '2-(578)944-1381', '9-(404)182-6080', 'egilbert@gabcube.org', 'convallis duis consequat dui nec nisi volutpat eleifend donec ut dolor morbi vel lectus', 'ACTIVO', '2013-11-10', '2014-04-29');
insert into cliente (id, tipo, nombre, apellido, razon_social, cedula, telefono, celular, email, descripcion, estado, fecha_creacion, fecha_actualizacion) values (29, 'COMPRADOR', 'Doris', 'Morris', 'Twitterworks', '666-46-6428', '6-(011)238-7000', '6-(761)411-1459', 'dmorris@skippad.info', 'id mauris vulputate elementum nullam varius nulla facilisi cras non', 'ACTIVO', '2013-11-15', '2014-03-08');
insert into cliente (id, tipo, nombre, apellido, razon_social, cedula, telefono, celular, email, descripcion, estado, fecha_creacion, fecha_actualizacion) values (30, 'COMPRADOR', 'Walter', 'Nguyen', 'Leexo', '323-21-6092', '5-(680)442-6027', '3-(475)482-0068', 'wnguyen@innotype.edu', 'nec dui luctus rutrum nulla tellus in sagittis dui vel nisl', 'ACTIVO', '2014-01-10', '2013-07-04');
insert into cliente (id, tipo, nombre, apellido, razon_social, cedula, telefono, celular, email, descripcion, estado, fecha_creacion, fecha_actualizacion) values (31, 'COMPRADOR', 'Lillian', 'Russell', 'Buzzdog', '689-45-5736', '2-(592)152-1100', '0-(422)208-8589', 'lrussell@thoughtbridge.info', 'viverra eget congue eget semper rutrum nulla nunc purus phasellus in', 'ACTIVO', '2013-08-17', '2013-08-20');
insert into cliente (id, tipo, nombre, apellido, razon_social, cedula, telefono, celular, email, descripcion, estado, fecha_creacion, fecha_actualizacion) values (32, 'COMPRADOR', 'Jane', 'Hamilton', 'Edgeify', '135-02-2894', '6-(675)646-1813', '3-(330)439-7953', 'jhamilton@feedfire.org', 'donec posuere metus vitae ipsum aliquam non mauris morbi non lectus', 'ACTIVO', '2013-12-31', '2014-04-21');
insert into cliente (id, tipo, nombre, apellido, razon_social, cedula, telefono, celular, email, descripcion, estado, fecha_creacion, fecha_actualizacion) values (33, 'COMPRADOR', 'Arthur', 'Fuller', 'Tazzy', '318-91-7289', '8-(855)784-2549', '7-(175)449-5757', 'afuller@katz.biz', 'habitasse platea dictumst etiam faucibus cursus urna ut tellus nulla ut erat id', 'ACTIVO', '2014-01-29', '2014-05-28');
insert into cliente (id, tipo, nombre, apellido, razon_social, cedula, telefono, celular, email, descripcion, estado, fecha_creacion, fecha_actualizacion) values (34, 'COMPRADOR', 'Judy', 'Lewis', 'Oyoba', '217-53-1385', '3-(873)778-3030', '0-(279)068-4323', 'jlewis@jumpxs.org', 'in consequat ut nulla sed accumsan felis ut at dolor quis', 'ACTIVO', '2014-03-20', '2013-09-19');
insert into cliente (id, tipo, nombre, apellido, razon_social, cedula, telefono, celular, email, descripcion, estado, fecha_creacion, fecha_actualizacion) values (35, 'VENDEDOR', 'Julie', 'Crawford', 'Topiclounge', '341-47-9140', '5-(893)117-0861', '9-(129)933-9633', 'jcrawford@feedspan.org', 'ac diam cras pellentesque volutpat dui maecenas tristique est et tempus semper est quam pharetra magna ac', 'ACTIVO', '2013-11-26', '2014-06-18');
insert into cliente (id, tipo, nombre, apellido, razon_social, cedula, telefono, celular, email, descripcion, estado, fecha_creacion, fecha_actualizacion) values (36, 'VENDEDOR', 'Lisa', 'George', 'Chatterpoint', '989-52-9120', '8-(809)630-4018', '9-(218)238-2267', 'lgeorge@mynte.name', 'porttitor pede justo eu massa donec dapibus duis at velit eu est congue elementum in hac habitasse', 'ACTIVO', '2013-07-14', '2014-01-25');
insert into cliente (id, tipo, nombre, apellido, razon_social, cedula, telefono, celular, email, descripcion, estado, fecha_creacion, fecha_actualizacion) values (37, 'VENDEDOR', 'Karen', 'Stanley', 'Meedoo', '329-23-2481', '0-(160)041-1968', '7-(292)658-1737', 'kstanley@jaloo.gov', 'mauris laoreet ut rhoncus aliquet pulvinar sed nisl nunc rhoncus dui vel sem sed sagittis nam', 'ACTIVO', '2013-06-28', '2013-10-29');
insert into cliente (id, tipo, nombre, apellido, razon_social, cedula, telefono, celular, email, descripcion, estado, fecha_creacion, fecha_actualizacion) values (38, 'COMPRADOR', 'Ruth', 'Hart', 'Tambee', '815-55-2290', '9-(343)251-0772', '7-(269)356-9079', 'rhart@centidel.info', 'sapien sapien non mi integer ac neque duis bibendum morbi non quam nec', 'ACTIVO', '2014-06-23', '2014-06-04');
insert into cliente (id, tipo, nombre, apellido, razon_social, cedula, telefono, celular, email, descripcion, estado, fecha_creacion, fecha_actualizacion) values (39, 'COMPRADOR', 'Earl', 'Henry', 'Jayo', '839-71-7807', '3-(019)404-9292', '0-(027)592-2596', 'ehenry@podcat.name', 'quis tortor id nulla ultrices aliquet maecenas leo odio condimentum id luctus nec', 'ACTIVO', '2014-06-13', '2014-02-09');
insert into cliente (id, tipo, nombre, apellido, razon_social, cedula, telefono, celular, email, descripcion, estado, fecha_creacion, fecha_actualizacion) values (40, 'VENDEDOR', 'Elizabeth', 'Cooper', 'Reallinks', '552-75-3334', '7-(041)865-8280', '6-(989)233-8073', 'ecooper@quamba.org', 'dignissim vestibulum vestibulum ante ipsum primis in faucibus orci luctus et ultrices', 'ACTIVO', '2013-12-24', '2013-07-03');
insert into cliente (id, tipo, nombre, apellido, razon_social, cedula, telefono, celular, email, descripcion, estado, fecha_creacion, fecha_actualizacion) values (41, 'COMPRADOR', 'Jeffrey', 'Murray', 'Skyvu', '122-77-7043', '5-(114)039-4947', '1-(725)362-5286', 'jmurray@blognation.net', 'suspendisse potenti in eleifend quam a odio in hac habitasse platea dictumst maecenas ut massa quis augue luctus', 'ACTIVO', '2014-02-03', '2014-02-17');
insert into cliente (id, tipo, nombre, apellido, razon_social, cedula, telefono, celular, email, descripcion, estado, fecha_creacion, fecha_actualizacion) values (42, 'VENDEDOR', 'Linda', 'Rivera', 'Skiba', '203-96-3612', '3-(345)373-7952', '1-(974)963-1375', 'lrivera@blogxs.com', 'enim in tempor turpis nec euismod scelerisque quam turpis adipiscing lorem vitae mattis nibh ligula nec sem', 'ACTIVO', '2013-12-28', '2013-07-23');
insert into cliente (id, tipo, nombre, apellido, razon_social, cedula, telefono, celular, email, descripcion, estado, fecha_creacion, fecha_actualizacion) values (43, 'VENDEDOR', 'Louis', 'Fisher', 'Quatz', '881-63-2764', '5-(903)603-2436', '5-(732)902-3209', 'lfisher@thoughtworks.info', 'id justo sit amet sapien dignissim vestibulum vestibulum ante ipsum primis in faucibus orci luctus et ultrices posuere', 'ACTIVO', '2013-08-19', '2013-10-13');
insert into cliente (id, tipo, nombre, apellido, razon_social, cedula, telefono, celular, email, descripcion, estado, fecha_creacion, fecha_actualizacion) values (44, 'VENDEDOR', 'Sharon', 'Hunt', 'Devshare', '318-38-8451', '1-(374)575-7344', '1-(901)744-3600', 'shunt@gigabox.net', 'lobortis convallis tortor risus dapibus augue vel accumsan tellus nisi eu orci mauris lacinia sapien quis libero nullam sit amet', 'ACTIVO', '2014-06-23', '2014-02-20');
insert into cliente (id, tipo, nombre, apellido, razon_social, cedula, telefono, celular, email, descripcion, estado, fecha_creacion, fecha_actualizacion) values (45, 'VENDEDOR', 'Maria', 'Jenkins', 'Cogilith', '703-76-7823', '5-(068)941-3631', '0-(663)651-2415', 'mjenkins@lazzy.name', 'nunc viverra dapibus nulla suscipit ligula in lacus curabitur at ipsum', 'ACTIVO', '2014-03-27', '2014-05-17');
insert into cliente (id, tipo, nombre, apellido, razon_social, cedula, telefono, celular, email, descripcion, estado, fecha_creacion, fecha_actualizacion) values (46, 'VENDEDOR', 'Deborah', 'Turner', 'Edgewire', '951-04-5088', '9-(602)983-9792', '3-(179)756-3733', 'dturner@dabvine.biz', 'morbi vel lectus in quam fringilla rhoncus mauris enim leo rhoncus sed vestibulum sit amet cursus id', 'ACTIVO', '2014-05-24', '2013-12-03');
insert into cliente (id, tipo, nombre, apellido, razon_social, cedula, telefono, celular, email, descripcion, estado, fecha_creacion, fecha_actualizacion) values (47, 'COMPRADOR', 'Billy', 'George', 'Twinder', '779-29-9734', '7-(792)171-5762', '3-(066)743-2389', 'bgeorge@jabberbean.com', 'semper interdum mauris ullamcorper purus sit amet nulla quisque arcu libero rutrum ac lobortis vel dapibus', 'ACTIVO', '2014-02-05', '2013-09-04');
insert into cliente (id, tipo, nombre, apellido, razon_social, cedula, telefono, celular, email, descripcion, estado, fecha_creacion, fecha_actualizacion) values (48, 'VENDEDOR', 'Mary', 'Anderson', 'Aimbo', '118-29-6099', '0-(450)449-7455', '1-(537)872-2192', 'manderson@mydeo.edu', 'tristique in tempus sit amet sem fusce consequat nulla nisl nunc nisl', 'ACTIVO', '2013-11-13', '2013-08-27');
insert into cliente (id, tipo, nombre, apellido, razon_social, cedula, telefono, celular, email, descripcion, estado, fecha_creacion, fecha_actualizacion) values (49, 'COMPRADOR', 'Michelle', 'Young', 'Yata', '944-71-0749', '8-(446)765-1297', '5-(575)746-0166', 'myoung@dabshots.mil', 'mauris eget massa tempor convallis nulla neque libero convallis eget eleifend luctus ultricies eu nibh quisque id justo sit amet', 'ACTIVO', '2013-09-01', '2014-04-10');
insert into cliente (id, tipo, nombre, apellido, razon_social, cedula, telefono, celular, email, descripcion, estado, fecha_creacion, fecha_actualizacion) values (50, 'VENDEDOR', 'Julie', 'Austin', 'Dynazzy', '477-42-8426', '8-(937)057-0417', '1-(592)398-3126', 'jaustin@fatz.edu', 'sapien ut nunc vestibulum ante ipsum primis in faucibus orci luctus et ultrices posuere', 'ACTIVO', '2014-03-21', '2013-09-02');
insert into cliente (id, tipo, nombre, apellido, razon_social, cedula, telefono, celular, email, descripcion, estado, fecha_creacion, fecha_actualizacion) values (51, 'VENDEDOR', 'Scott', 'Thompson', 'Youtags', '931-14-1362', '8-(724)183-4105', '5-(598)634-5424', 'sthompson@feedfire.org', 'amet sapien dignissim vestibulum vestibulum ante ipsum primis in faucibus', 'ACTIVO', '2013-11-18', '2013-10-26');
insert into cliente (id, tipo, nombre, apellido, razon_social, cedula, telefono, celular, email, descripcion, estado, fecha_creacion, fecha_actualizacion) values (52, 'VENDEDOR', 'Richard', 'Smith', 'Demivee', '895-29-1177', '8-(185)361-6009', '7-(760)819-5087', 'rsmith@voomm.mil', 'facilisi cras non velit nec nisi vulputate nonummy maecenas tincidunt lacus at velit vivamus vel nulla eget eros elementum', 'ACTIVO', '2014-04-20', '2013-07-30');
insert into cliente (id, tipo, nombre, apellido, razon_social, cedula, telefono, celular, email, descripcion, estado, fecha_creacion, fecha_actualizacion) values (53, 'COMPRADOR', 'Patricia', 'Austin', 'Photojam', '678-44-0976', '7-(279)291-3482', '7-(766)668-8621', 'paustin@yodoo.org', 'vitae consectetuer eget rutrum at lorem integer tincidunt ante vel ipsum praesent blandit lacinia erat', 'ACTIVO', '2014-03-28', '2014-04-24');
insert into cliente (id, tipo, nombre, apellido, razon_social, cedula, telefono, celular, email, descripcion, estado, fecha_creacion, fecha_actualizacion) values (54, 'VENDEDOR', 'Eric', 'Morris', 'Eidel', '447-18-4665', '0-(012)415-7832', '3-(298)838-1307', 'emorris@livez.net', 'quam sapien varius ut blandit non interdum in ante vestibulum ante ipsum primis in faucibus', 'ACTIVO', '2013-12-06', '2014-04-30');
insert into cliente (id, tipo, nombre, apellido, razon_social, cedula, telefono, celular, email, descripcion, estado, fecha_creacion, fecha_actualizacion) values (55, 'COMPRADOR', 'Maria', 'Wilson', 'Shuffletag', '909-05-5908', '7-(799)335-2119', '8-(726)727-2939', 'mwilson@skynoodle.com', 'metus sapien ut nunc vestibulum ante ipsum primis in faucibus orci luctus et ultrices posuere cubilia curae mauris viverra diam', 'ACTIVO', '2014-02-11', '2014-04-28');
insert into cliente (id, tipo, nombre, apellido, razon_social, cedula, telefono, celular, email, descripcion, estado, fecha_creacion, fecha_actualizacion) values (56, 'VENDEDOR', 'Thomas', 'Castillo', 'Eidel', '672-42-7429', '6-(243)730-2660', '1-(689)712-5643', 'tcastillo@skimia.biz', 'libero ut massa volutpat convallis morbi odio odio elementum eu interdum', 'ACTIVO', '2013-10-04', '2013-12-08');
insert into cliente (id, tipo, nombre, apellido, razon_social, cedula, telefono, celular, email, descripcion, estado, fecha_creacion, fecha_actualizacion) values (57, 'VENDEDOR', 'Michelle', 'Campbell', 'Zoovu', '802-34-9280', '9-(415)033-6754', '6-(100)445-7265', 'mcampbell@trilith.mil', 'commodo placerat praesent blandit nam nulla integer pede justo lacinia', 'ACTIVO', '2013-07-15', '2014-03-14');
insert into cliente (id, tipo, nombre, apellido, razon_social, cedula, telefono, celular, email, descripcion, estado, fecha_creacion, fecha_actualizacion) values (58, 'COMPRADOR', 'John', 'Simpson', 'Tazz', '475-97-2147', '8-(629)979-5646', '9-(612)561-5911', 'jsimpson@yombu.name', 'a pede posuere nonummy integer non velit donec diam neque vestibulum eget vulputate ut ultrices vel augue vestibulum ante ipsum', 'ACTIVO', '2013-07-13', '2013-10-08');
insert into cliente (id, tipo, nombre, apellido, razon_social, cedula, telefono, celular, email, descripcion, estado, fecha_creacion, fecha_actualizacion) values (59, 'VENDEDOR', 'Amanda', 'Vasquez', 'Teklist', '700-17-2742', '5-(468)894-9603', '4-(612)200-8211', 'avasquez@brightbean.com', 'sit amet nunc viverra dapibus nulla suscipit ligula in lacus curabitur at ipsum ac tellus semper interdum mauris ullamcorper purus', 'ACTIVO', '2013-11-17', '2013-10-06');
insert into cliente (id, tipo, nombre, apellido, razon_social, cedula, telefono, celular, email, descripcion, estado, fecha_creacion, fecha_actualizacion) values (60, 'VENDEDOR', 'Marilyn', 'Williams', 'Gabvine', '771-84-4308', '4-(428)288-2942', '6-(598)636-9430', 'mwilliams@skalith.mil', 'mauris non ligula pellentesque ultrices phasellus id sapien in sapien iaculis congue vivamus metus arcu adipiscing molestie hendrerit at vulputate', 'ACTIVO', '2014-06-05', '2014-02-03');
insert into cliente (id, tipo, nombre, apellido, razon_social, cedula, telefono, celular, email, descripcion, estado, fecha_creacion, fecha_actualizacion) values (61, 'VENDEDOR', 'Denise', 'Morgan', 'Skinte', '486-47-3515', '3-(454)942-0091', '9-(967)490-6543', 'dmorgan@devbug.info', 'praesent lectus vestibulum quam sapien varius ut blandit non interdum in ante', 'ACTIVO', '2014-04-22', '2013-07-11');
insert into cliente (id, tipo, nombre, apellido, razon_social, cedula, telefono, celular, email, descripcion, estado, fecha_creacion, fecha_actualizacion) values (62, 'COMPRADOR', 'Bonnie', 'Wright', 'Janyx', '945-77-5463', '7-(217)149-0966', '2-(593)219-9444', 'bwright@rhynoodle.com', 'dui vel nisl duis ac nibh fusce lacus purus aliquet', 'ACTIVO', '2014-06-11', '2013-09-28');
insert into cliente (id, tipo, nombre, apellido, razon_social, cedula, telefono, celular, email, descripcion, estado, fecha_creacion, fecha_actualizacion) values (63, 'VENDEDOR', 'Alan', 'Kelly', 'Oyoyo', '618-55-7359', '0-(859)846-4074', '4-(930)329-8739', 'akelly@bubbletube.mil', 'semper porta volutpat quam pede lobortis ligula sit amet eleifend pede libero quis orci nullam molestie nibh in lectus', 'ACTIVO', '2014-04-08', '2014-03-28');
insert into cliente (id, tipo, nombre, apellido, razon_social, cedula, telefono, celular, email, descripcion, estado, fecha_creacion, fecha_actualizacion) values (64, 'VENDEDOR', 'Sarah', 'Thomas', 'Dynabox', '853-65-2363', '3-(847)916-9332', '6-(022)497-8418', 'sthomas@roomm.biz', 'rhoncus sed vestibulum sit amet cursus id turpis integer aliquet massa id lobortis convallis tortor', 'ACTIVO', '2013-09-03', '2013-09-28');
insert into cliente (id, tipo, nombre, apellido, razon_social, cedula, telefono, celular, email, descripcion, estado, fecha_creacion, fecha_actualizacion) values (65, 'COMPRADOR', 'Janet', 'Lopez', 'Meezzy', '202-33-9606', '6-(005)338-2020', '2-(855)577-3477', 'jlopez@riffpath.org', 'ultrices enim lorem ipsum dolor sit amet consectetuer adipiscing elit proin interdum mauris non ligula pellentesque ultrices', 'ACTIVO', '2014-03-11', '2013-10-25');
insert into cliente (id, tipo, nombre, apellido, razon_social, cedula, telefono, celular, email, descripcion, estado, fecha_creacion, fecha_actualizacion) values (66, 'COMPRADOR', 'Fred', 'Knight', 'Babbleblab', '480-31-2258', '1-(143)901-6803', '2-(403)727-1586', 'fknight@flashspan.gov', 'ante ipsum primis in faucibus orci luctus et ultrices posuere', 'ACTIVO', '2014-06-01', '2013-12-11');
insert into cliente (id, tipo, nombre, apellido, razon_social, cedula, telefono, celular, email, descripcion, estado, fecha_creacion, fecha_actualizacion) values (67, 'VENDEDOR', 'Wanda', 'Rose', 'Dablist', '525-42-0323', '9-(812)639-4559', '2-(426)632-1617', 'wrose@jaxworks.gov', 'ullamcorper purus sit amet nulla quisque arcu libero rutrum ac lobortis vel dapibus at diam nam tristique tortor eu pede', 'ACTIVO', '2013-09-15', '2014-02-03');
insert into cliente (id, tipo, nombre, apellido, razon_social, cedula, telefono, celular, email, descripcion, estado, fecha_creacion, fecha_actualizacion) values (68, 'VENDEDOR', 'David', 'Smith', 'Jabbersphere', '804-78-6006', '2-(966)010-4824', '6-(882)260-7794', 'dsmith@kazu.org', 'porta volutpat quam pede lobortis ligula sit amet eleifend pede libero quis', 'ACTIVO', '2014-05-04', '2014-05-12');
insert into cliente (id, tipo, nombre, apellido, razon_social, cedula, telefono, celular, email, descripcion, estado, fecha_creacion, fecha_actualizacion) values (69, 'VENDEDOR', 'Jeffrey', 'Bowman', 'Kaymbo', '832-19-2352', '1-(776)594-5082', '4-(876)053-1419', 'jbowman@roodel.net', 'sed justo pellentesque viverra pede ac diam cras pellentesque volutpat dui maecenas tristique est et tempus', 'ACTIVO', '2013-07-20', '2013-07-26');
insert into cliente (id, tipo, nombre, apellido, razon_social, cedula, telefono, celular, email, descripcion, estado, fecha_creacion, fecha_actualizacion) values (70, 'COMPRADOR', 'Christina', 'Ferguson', 'Trunyx', '434-66-0815', '5-(219)242-6590', '8-(941)737-8714', 'cferguson@oozz.com', 'eu orci mauris lacinia sapien quis libero nullam sit amet turpis elementum ligula vehicula consequat morbi a ipsum integer a', 'ACTIVO', '2014-06-08', '2014-05-21');
insert into cliente (id, tipo, nombre, apellido, razon_social, cedula, telefono, celular, email, descripcion, estado, fecha_creacion, fecha_actualizacion) values (71, 'COMPRADOR', 'Donna', 'Scott', 'Dablist', '830-52-3235', '4-(212)014-1712', '0-(386)138-0279', 'dscott@avamba.org', 'eros suspendisse accumsan tortor quis turpis sed ante vivamus tortor duis mattis egestas metus aenean fermentum donec', 'ACTIVO', '2014-06-01', '2014-03-08');
insert into cliente (id, tipo, nombre, apellido, razon_social, cedula, telefono, celular, email, descripcion, estado, fecha_creacion, fecha_actualizacion) values (72, 'COMPRADOR', 'Billy', 'Simmons', 'Thoughtsphere', '160-94-0521', '4-(462)624-1742', '4-(421)852-4374', 'bsimmons@rhyzio.biz', 'integer aliquet massa id lobortis convallis tortor risus dapibus augue vel accumsan tellus nisi eu orci', 'ACTIVO', '2013-09-02', '2014-01-10');
insert into cliente (id, tipo, nombre, apellido, razon_social, cedula, telefono, celular, email, descripcion, estado, fecha_creacion, fecha_actualizacion) values (73, 'VENDEDOR', 'Edward', 'Fowler', 'Eazzy', '283-25-4898', '2-(986)102-6371', '4-(053)799-8388', 'efowler@camimbo.edu', 'interdum mauris non ligula pellentesque ultrices phasellus id sapien in sapien', 'ACTIVO', '2014-03-20', '2014-04-04');
insert into cliente (id, tipo, nombre, apellido, razon_social, cedula, telefono, celular, email, descripcion, estado, fecha_creacion, fecha_actualizacion) values (74, 'VENDEDOR', 'Julie', 'Stanley', 'Photospace', '312-75-4579', '9-(240)121-2756', '0-(993)519-0009', 'jstanley@bluejam.biz', 'quam pharetra magna ac consequat metus sapien ut nunc vestibulum ante ipsum primis in faucibus', 'ACTIVO', '2014-06-20', '2014-06-26');
insert into cliente (id, tipo, nombre, apellido, razon_social, cedula, telefono, celular, email, descripcion, estado, fecha_creacion, fecha_actualizacion) values (75, 'COMPRADOR', 'Katherine', 'Fernandez', 'Kimia', '480-79-9442', '4-(495)062-6031', '0-(779)639-7195', 'kfernandez@agivu.net', 'non quam nec dui luctus rutrum nulla tellus in sagittis dui vel nisl duis ac', 'ACTIVO', '2014-06-17', '2014-03-24');
insert into cliente (id, tipo, nombre, apellido, razon_social, cedula, telefono, celular, email, descripcion, estado, fecha_creacion, fecha_actualizacion) values (76, 'COMPRADOR', 'Joshua', 'Owens', 'LiveZ', '458-32-4682', '3-(945)902-3871', '1-(906)992-9600', 'jowens@wordify.info', 'quam pede lobortis ligula sit amet eleifend pede libero quis orci nullam molestie nibh in lectus', 'ACTIVO', '2013-09-11', '2013-07-04');
insert into cliente (id, tipo, nombre, apellido, razon_social, cedula, telefono, celular, email, descripcion, estado, fecha_creacion, fecha_actualizacion) values (77, 'COMPRADOR', 'Joan', 'Reed', 'Tagtune', '491-59-7573', '9-(055)569-3743', '9-(280)504-5281', 'jreed@vinte.org', 'nulla nunc purus phasellus in felis donec semper sapien a libero nam dui proin leo odio porttitor id consequat in', 'ACTIVO', '2013-07-13', '2013-10-04');
insert into cliente (id, tipo, nombre, apellido, razon_social, cedula, telefono, celular, email, descripcion, estado, fecha_creacion, fecha_actualizacion) values (78, 'COMPRADOR', 'Janet', 'Mitchell', 'Jaxworks', '875-38-1778', '8-(539)116-3088', '6-(810)573-5855', 'jmitchell@eadel.biz', 'velit id pretium iaculis diam erat fermentum justo nec condimentum neque sapien placerat ante nulla justo aliquam quis', 'ACTIVO', '2013-09-29', '2013-12-06');
insert into cliente (id, tipo, nombre, apellido, razon_social, cedula, telefono, celular, email, descripcion, estado, fecha_creacion, fecha_actualizacion) values (79, 'VENDEDOR', 'Jane', 'Greene', 'Oodoo', '892-16-6817', '5-(611)617-7621', '6-(580)211-6235', 'jgreene@fivebridge.info', 'augue vestibulum ante ipsum primis in faucibus orci luctus et ultrices posuere cubilia curae donec', 'ACTIVO', '2014-03-02', '2014-05-01');
insert into cliente (id, tipo, nombre, apellido, razon_social, cedula, telefono, celular, email, descripcion, estado, fecha_creacion, fecha_actualizacion) values (80, 'VENDEDOR', 'Wanda', 'Stewart', 'Muxo', '298-06-6883', '3-(953)161-7390', '3-(551)648-3253', 'wstewart@skimia.com', 'massa tempor convallis nulla neque libero convallis eget eleifend luctus', 'ACTIVO', '2014-06-10', '2013-10-01');
insert into cliente (id, tipo, nombre, apellido, razon_social, cedula, telefono, celular, email, descripcion, estado, fecha_creacion, fecha_actualizacion) values (81, 'COMPRADOR', 'Kimberly', 'Dixon', 'Blogspan', '441-53-2816', '5-(076)530-9653', '0-(059)733-8454', 'kdixon@kaymbo.edu', 'morbi porttitor lorem id ligula suspendisse ornare consequat lectus in est risus auctor sed', 'ACTIVO', '2013-08-12', '2014-06-08');
insert into cliente (id, tipo, nombre, apellido, razon_social, cedula, telefono, celular, email, descripcion, estado, fecha_creacion, fecha_actualizacion) values (82, 'COMPRADOR', 'Ruth', 'Walker', 'Leenti', '675-62-1326', '9-(146)190-9653', '1-(395)829-0005', 'rwalker@fanoodle.name', 'quis lectus suspendisse potenti in eleifend quam a odio in hac', 'ACTIVO', '2013-09-28', '2014-05-22');
insert into cliente (id, tipo, nombre, apellido, razon_social, cedula, telefono, celular, email, descripcion, estado, fecha_creacion, fecha_actualizacion) values (83, 'COMPRADOR', 'Michael', 'Duncan', 'Topicblab', '570-51-3217', '0-(230)969-5149', '6-(344)774-3422', 'mduncan@mymm.org', 'ante vestibulum ante ipsum primis in faucibus orci luctus et ultrices', 'ACTIVO', '2013-12-11', '2014-04-23');
insert into cliente (id, tipo, nombre, apellido, razon_social, cedula, telefono, celular, email, descripcion, estado, fecha_creacion, fecha_actualizacion) values (84, 'VENDEDOR', 'Sarah', 'Wagner', 'Topiczoom', '903-13-3067', '3-(031)472-5978', '2-(673)900-0870', 'swagner@skyndu.name', 'sem duis aliquam convallis nunc proin at turpis a pede posuere nonummy integer non velit donec diam neque', 'ACTIVO', '2014-03-31', '2014-04-28');
insert into cliente (id, tipo, nombre, apellido, razon_social, cedula, telefono, celular, email, descripcion, estado, fecha_creacion, fecha_actualizacion) values (85, 'COMPRADOR', 'Doris', 'Davis', 'Yakidoo', '578-24-5054', '6-(959)341-3395', '4-(563)641-0107', 'ddavis@fiveclub.name', 'nunc nisl duis bibendum felis sed interdum venenatis turpis enim blandit mi in porttitor pede justo', 'ACTIVO', '2013-08-03', '2013-10-23');
insert into cliente (id, tipo, nombre, apellido, razon_social, cedula, telefono, celular, email, descripcion, estado, fecha_creacion, fecha_actualizacion) values (86, 'COMPRADOR', 'Melissa', 'Warren', 'Eabox', '274-28-2412', '7-(035)934-6219', '1-(828)554-1381', 'mwarren@fadeo.info', 'mauris laoreet ut rhoncus aliquet pulvinar sed nisl nunc rhoncus', 'ACTIVO', '2014-06-23', '2014-06-16');
insert into cliente (id, tipo, nombre, apellido, razon_social, cedula, telefono, celular, email, descripcion, estado, fecha_creacion, fecha_actualizacion) values (87, 'VENDEDOR', 'Andrew', 'Alexander', 'Oyoyo', '222-14-1474', '3-(772)284-6146', '6-(499)613-0566', 'aalexander@skiba.edu', 'maecenas tincidunt lacus at velit vivamus vel nulla eget eros elementum pellentesque quisque porta volutpat erat', 'ACTIVO', '2014-06-02', '2014-03-11');
insert into cliente (id, tipo, nombre, apellido, razon_social, cedula, telefono, celular, email, descripcion, estado, fecha_creacion, fecha_actualizacion) values (88, 'VENDEDOR', 'Janice', 'Reyes', 'Realfire', '266-26-0673', '6-(791)087-3091', '3-(997)235-9224', 'jreyes@digitube.edu', 'lectus pellentesque at nulla suspendisse potenti cras in purus eu magna vulputate luctus cum', 'ACTIVO', '2014-05-05', '2013-11-28');
insert into cliente (id, tipo, nombre, apellido, razon_social, cedula, telefono, celular, email, descripcion, estado, fecha_creacion, fecha_actualizacion) values (89, 'VENDEDOR', 'Kathleen', 'Payne', 'Voonder', '697-91-3347', '1-(157)888-2292', '7-(557)517-2338', 'kpayne@dablist.info', 'luctus et ultrices posuere cubilia curae donec pharetra magna vestibulum aliquet ultrices erat tortor', 'ACTIVO', '2013-08-11', '2013-10-20');
insert into cliente (id, tipo, nombre, apellido, razon_social, cedula, telefono, celular, email, descripcion, estado, fecha_creacion, fecha_actualizacion) values (90, 'COMPRADOR', 'Irene', 'Perez', 'Rhycero', '327-21-8204', '7-(370)816-5215', '4-(977)483-1849', 'iperez@skinder.org', 'in imperdiet et commodo vulputate justo in blandit ultrices enim lorem', 'ACTIVO', '2014-02-17', '2014-03-26');
insert into cliente (id, tipo, nombre, apellido, razon_social, cedula, telefono, celular, email, descripcion, estado, fecha_creacion, fecha_actualizacion) values (91, 'VENDEDOR', 'Jerry', 'Smith', 'Jazzy', '794-51-4219', '9-(006)305-0867', '0-(402)965-4027', 'jsmith@pixope.mil', 'potenti nullam porttitor lacus at turpis donec posuere metus vitae', 'ACTIVO', '2014-03-25', '2014-05-31');
insert into cliente (id, tipo, nombre, apellido, razon_social, cedula, telefono, celular, email, descripcion, estado, fecha_creacion, fecha_actualizacion) values (92, 'COMPRADOR', 'Richard', 'West', 'Katz', '771-21-6309', '2-(577)739-8065', '9-(828)928-1380', 'rwest@oyoloo.mil', 'at velit eu est congue elementum in hac habitasse platea dictumst morbi vestibulum velit id pretium iaculis diam erat', 'ACTIVO', '2013-07-31', '2013-11-24');
insert into cliente (id, tipo, nombre, apellido, razon_social, cedula, telefono, celular, email, descripcion, estado, fecha_creacion, fecha_actualizacion) values (93, 'COMPRADOR', 'Samuel', 'Gray', 'Quinu', '593-24-3517', '9-(678)948-8975', '2-(517)324-7363', 'sgray@thoughtstorm.com', 'est risus auctor sed tristique in tempus sit amet sem', 'ACTIVO', '2014-02-14', '2014-05-01');
insert into cliente (id, tipo, nombre, apellido, razon_social, cedula, telefono, celular, email, descripcion, estado, fecha_creacion, fecha_actualizacion) values (94, 'VENDEDOR', 'Carlos', 'Wright', 'Dazzlesphere', '366-64-4984', '3-(112)575-2464', '8-(405)285-0960', 'cwright@meejo.net', 'ut nunc vestibulum ante ipsum primis in faucibus orci luctus et ultrices posuere cubilia curae mauris viverra diam vitae quam', 'ACTIVO', '2014-01-23', '2014-03-03');
insert into cliente (id, tipo, nombre, apellido, razon_social, cedula, telefono, celular, email, descripcion, estado, fecha_creacion, fecha_actualizacion) values (95, 'VENDEDOR', 'Jennifer', 'Garza', 'Vinder', '165-54-0390', '6-(657)344-9117', '9-(518)358-6543', 'jgarza@youbridge.info', 'morbi odio odio elementum eu interdum eu tincidunt in leo maecenas pulvinar lobortis est phasellus sit amet', 'ACTIVO', '2014-02-16', '2014-02-11');
insert into cliente (id, tipo, nombre, apellido, razon_social, cedula, telefono, celular, email, descripcion, estado, fecha_creacion, fecha_actualizacion) values (96, 'VENDEDOR', 'Willie', 'Flores', 'Plambee', '492-61-2534', '1-(810)892-2835', '9-(595)383-3753', 'wflores@babbleblab.com', 'velit vivamus vel nulla eget eros elementum pellentesque quisque porta volutpat erat quisque', 'ACTIVO', '2014-05-16', '2013-08-31');
insert into cliente (id, tipo, nombre, apellido, razon_social, cedula, telefono, celular, email, descripcion, estado, fecha_creacion, fecha_actualizacion) values (97, 'VENDEDOR', 'Stephanie', 'Torres', 'Feednation', '595-25-4648', '2-(398)444-8645', '6-(710)876-4348', 'storres@chatterbridge.name', 'pede ullamcorper augue a suscipit nulla elit ac nulla sed vel enim sit amet nunc', 'ACTIVO', '2013-08-11', '2013-07-29');
insert into cliente (id, tipo, nombre, apellido, razon_social, cedula, telefono, celular, email, descripcion, estado, fecha_creacion, fecha_actualizacion) values (98, 'VENDEDOR', 'Kelly', 'Oliver', 'Thoughtstorm', '760-08-3466', '4-(245)906-4064', '4-(477)080-9725', 'koliver@tagpad.com', 'magna bibendum imperdiet nullam orci pede venenatis non sodales sed tincidunt', 'ACTIVO', '2013-12-29', '2013-07-12');
insert into cliente (id, tipo, nombre, apellido, razon_social, cedula, telefono, celular, email, descripcion, estado, fecha_creacion, fecha_actualizacion) values (99, 'VENDEDOR', 'Arthur', 'Martin', 'Shuffletag', '860-15-2767', '5-(447)864-1028', '4-(355)415-4346', 'amartin@riffwire.info', 'consequat varius integer ac leo pellentesque ultrices mattis odio donec vitae nisi', 'ACTIVO', '2014-04-17', '2013-12-08');
insert into cliente (id, tipo, nombre, apellido, razon_social, cedula, telefono, celular, email, descripcion, estado, fecha_creacion, fecha_actualizacion) values (100, 'COMPRADOR', 'Virginia', 'Snyder', 'Livetube', '974-00-8658', '9-(804)348-8719', '3-(347)210-7674', 'vsnyder@feedmix.edu', 'orci pede venenatis non sodales sed tincidunt eu felis fusce', 'ACTIVO', '2014-04-22', '2014-01-17');


#
# Data for table "provincia"
#

INSERT INTO `provincia` (`id`,`nombre`) VALUES (3,'Imbabura'),(4,'Pichincha'),(5,'Esmeraldas');

#
# Data for table "ciudad"
#

INSERT INTO `ciudad` (`id`,`nombre`,`provincia_id`) VALUES (3,'Otavalo',3),(4,'Ibarra',3),(5,'Atuntaqui',3),(6,'Quito',4),(7,'Atacames',5),(8,'Esmeraldas',4);

#
# Data for table "barrio"
#

INSERT INTO `barrio` (`id`,`nombre`,`ciudad_id`) VALUES (3,'San Luis',3),(4,'El Jordan',3),(5,'Azaya',4),(6,'Los Ciebos',4),(7,'San Antonio',4);

#
# Data for table "direccion"
#


insert into direccion (id, cliente_id, calle_1, calle_2, numero, referencia) values (1, 1, 'Lindbergh', 'Gateway', '335', 'morbi porttitor lorem id ligula suspendisse ornare consequat lectus in est');
insert into direccion (id, cliente_id, calle_1, calle_2, numero, referencia) values (2, 2, 'Welch', 'Artisan', '432', 'primis in faucibus orci luctus et ultrices posuere cubilia curae');
insert into direccion (id, cliente_id, calle_1, calle_2, numero, referencia) values (3, 3, 'Green', 'Commercial', '89', 'in lacus curabitur at ipsum ac tellus semper interdum mauris');
insert into direccion (id, cliente_id, calle_1, calle_2, numero, referencia) values (4, 4, 'Haas', 'Rockefeller', '976', 'vivamus metus arcu adipiscing molestie hendrerit at vulputate vitae nisl aenean lectus pellentesque eget nunc donec quis orci');
insert into direccion (id, cliente_id, calle_1, calle_2, numero, referencia) values (5, 5, 'Gulseth', 'Dayton', '767', 'convallis eget eleifend luctus ultricies eu nibh quisque id justo sit amet sapien');
insert into direccion (id, cliente_id, calle_1, calle_2, numero, referencia) values (6, 6, 'Kropf', 'Karstens', '91', 'cum sociis natoque penatibus et magnis dis parturient montes nascetur ridiculus mus etiam vel augue vestibulum');
insert into direccion (id, cliente_id, calle_1, calle_2, numero, referencia) values (7, 7, 'Vidon', 'Coolidge', '4055', 'commodo placerat praesent blandit nam nulla integer pede justo lacinia eget tincidunt eget tempus vel pede morbi');
insert into direccion (id, cliente_id, calle_1, calle_2, numero, referencia) values (8, 8, 'Hollow Ridge', 'Anthes', '1', 'pellentesque ultrices mattis odio donec vitae nisi nam ultrices libero non');
insert into direccion (id, cliente_id, calle_1, calle_2, numero, referencia) values (9, 9, 'Hallows', 'Parkside', '63', 'semper est quam pharetra magna ac consequat metus sapien ut nunc vestibulum ante ipsum primis');
insert into direccion (id, cliente_id, calle_1, calle_2, numero, referencia) values (10, 10, 'Anhalt', 'Eastwood', '45', 'integer ac leo pellentesque ultrices mattis odio donec vitae nisi nam ultrices libero non mattis pulvinar nulla pede ullamcorper augue');
insert into direccion (id, cliente_id, calle_1, calle_2, numero, referencia) values (11, 11, 'David', 'Nevada', '4', 'nisi nam ultrices libero non mattis pulvinar nulla pede ullamcorper augue');
insert into direccion (id, cliente_id, calle_1, calle_2, numero, referencia) values (12, 12, 'Farwell', 'Bunting', '1823', 'libero nam dui proin leo odio porttitor id consequat in consequat');
insert into direccion (id, cliente_id, calle_1, calle_2, numero, referencia) values (13, 13, 'Canary', 'Longview', '5460', 'magna vulputate luctus cum sociis natoque penatibus et magnis dis parturient montes nascetur ridiculus');
insert into direccion (id, cliente_id, calle_1, calle_2, numero, referencia) values (14, 14, 'Carberry', 'Anniversary', '3330', 'ipsum aliquam non mauris morbi non lectus aliquam sit amet diam in magna bibendum imperdiet nullam');
insert into direccion (id, cliente_id, calle_1, calle_2, numero, referencia) values (15, 15, 'Lunder', 'Cordelia', '2146', 'viverra dapibus nulla suscipit ligula in lacus curabitur at ipsum ac tellus semper');
insert into direccion (id, cliente_id, calle_1, calle_2, numero, referencia) values (16, 16, 'Fremont', 'Burning Wood', '0', 'vitae consectetuer eget rutrum at lorem integer tincidunt ante vel ipsum praesent');
insert into direccion (id, cliente_id, calle_1, calle_2, numero, referencia) values (17, 17, 'Larry', 'Gulseth', '937', 'libero nullam sit amet turpis elementum ligula vehicula consequat morbi');
insert into direccion (id, cliente_id, calle_1, calle_2, numero, referencia) values (18, 18, 'Fair Oaks', 'High Crossing', '8', 'a odio in hac habitasse platea dictumst maecenas ut massa quis augue luctus tincidunt nulla');
insert into direccion (id, cliente_id, calle_1, calle_2, numero, referencia) values (19, 19, '1st', 'Brickson Park', '34', 'a pede posuere nonummy integer non velit donec diam neque vestibulum eget vulputate ut ultrices');
insert into direccion (id, cliente_id, calle_1, calle_2, numero, referencia) values (20, 20, 'Eagan', 'Towne', '94094', 'molestie nibh in lectus pellentesque at nulla suspendisse potenti cras in purus eu magna vulputate luctus cum sociis natoque penatibus');
insert into direccion (id, cliente_id, calle_1, calle_2, numero, referencia) values (21, 21, 'Gina', 'Canary', '37', 'at nunc commodo placerat praesent blandit nam nulla integer pede justo lacinia eget tincidunt eget tempus vel pede morbi');
insert into direccion (id, cliente_id, calle_1, calle_2, numero, referencia) values (22, 22, 'Gulseth', 'Mallard', '60502', 'ornare consequat lectus in est risus auctor sed tristique in tempus sit amet sem fusce consequat nulla nisl nunc nisl');
insert into direccion (id, cliente_id, calle_1, calle_2, numero, referencia) values (23, 23, 'David', 'Sheridan', '17072', 'volutpat convallis morbi odio odio elementum eu interdum eu tincidunt in leo maecenas pulvinar lobortis est');
insert into direccion (id, cliente_id, calle_1, calle_2, numero, referencia) values (24, 24, 'Arkansas', 'Gateway', '52', 'duis consequat dui nec nisi volutpat eleifend donec ut dolor');
insert into direccion (id, cliente_id, calle_1, calle_2, numero, referencia) values (25, 25, 'Killdeer', 'Lukken', '2384', 'eget rutrum at lorem integer tincidunt ante vel ipsum praesent blandit lacinia erat vestibulum sed magna');
insert into direccion (id, cliente_id, calle_1, calle_2, numero, referencia) values (26, 26, 'Jay', 'School', '73', 'a libero nam dui proin leo odio porttitor id consequat in consequat ut nulla sed accumsan felis ut');
insert into direccion (id, cliente_id, calle_1, calle_2, numero, referencia) values (27, 27, 'Badeau', '5th', '75612', 'aliquam augue quam sollicitudin vitae consectetuer eget rutrum at lorem integer tincidunt ante vel ipsum praesent blandit');
insert into direccion (id, cliente_id, calle_1, calle_2, numero, referencia) values (28, 28, 'Oxford', '3rd', '30186', 'id ligula suspendisse ornare consequat lectus in est risus auctor sed tristique in tempus');
insert into direccion (id, cliente_id, calle_1, calle_2, numero, referencia) values (29, 29, 'Orin', 'Arapahoe', '7029', 'nulla tellus in sagittis dui vel nisl duis ac nibh fusce lacus purus aliquet at feugiat');
insert into direccion (id, cliente_id, calle_1, calle_2, numero, referencia) values (30, 30, 'Lyons', 'Dapin', '8', 'enim blandit mi in porttitor pede justo eu massa donec dapibus duis at velit eu est');
insert into direccion (id, cliente_id, calle_1, calle_2, numero, referencia) values (31, 31, 'Anhalt', 'Cordelia', '6', 'aliquam non mauris morbi non lectus aliquam sit amet diam');
insert into direccion (id, cliente_id, calle_1, calle_2, numero, referencia) values (32, 32, 'Fair Oaks', 'Emmet', '610', 'cum sociis natoque penatibus et magnis dis parturient montes nascetur ridiculus mus vivamus vestibulum sagittis');
insert into direccion (id, cliente_id, calle_1, calle_2, numero, referencia) values (33, 33, 'Gerald', 'Glendale', '04', 'nibh in hac habitasse platea dictumst aliquam augue quam sollicitudin vitae consectetuer eget rutrum at lorem integer');
insert into direccion (id, cliente_id, calle_1, calle_2, numero, referencia) values (34, 34, 'Browning', 'Katie', '6785', 'aliquet at feugiat non pretium quis lectus suspendisse potenti in eleifend quam');
insert into direccion (id, cliente_id, calle_1, calle_2, numero, referencia) values (35, 35, 'Namekagon', 'Fair Oaks', '283', 'urna ut tellus nulla ut erat id mauris vulputate elementum nullam varius nulla');
insert into direccion (id, cliente_id, calle_1, calle_2, numero, referencia) values (36, 36, 'Eastlawn', 'Declaration', '762', 'massa tempor convallis nulla neque libero convallis eget eleifend luctus ultricies eu nibh quisque id');
insert into direccion (id, cliente_id, calle_1, calle_2, numero, referencia) values (37, 37, 'Hoepker', 'Gina', '2', 'neque aenean auctor gravida sem praesent id massa id nisl venenatis lacinia aenean');
insert into direccion (id, cliente_id, calle_1, calle_2, numero, referencia) values (38, 38, 'Orin', 'Jackson', '99', 'id ligula suspendisse ornare consequat lectus in est risus auctor');
insert into direccion (id, cliente_id, calle_1, calle_2, numero, referencia) values (39, 39, 'Portage', 'Straubel', '283', 'curae nulla dapibus dolor vel est donec odio justo sollicitudin ut suscipit a feugiat et eros vestibulum ac est');
insert into direccion (id, cliente_id, calle_1, calle_2, numero, referencia) values (40, 40, 'Clyde Gallagher', 'La Follette', '257', 'molestie sed justo pellentesque viverra pede ac diam cras pellentesque');
insert into direccion (id, cliente_id, calle_1, calle_2, numero, referencia) values (41, 41, 'Stoughton', 'Bay', '920', 'vulputate ut ultrices vel augue vestibulum ante ipsum primis in faucibus orci luctus et');
insert into direccion (id, cliente_id, calle_1, calle_2, numero, referencia) values (42, 42, 'Pennsylvania', 'Russell', '8', 'quis odio consequat varius integer ac leo pellentesque ultrices mattis odio donec vitae nisi');
insert into direccion (id, cliente_id, calle_1, calle_2, numero, referencia) values (43, 43, 'Sachtjen', 'Thackeray', '389', 'mollis molestie lorem quisque ut erat curabitur gravida nisi at');
insert into direccion (id, cliente_id, calle_1, calle_2, numero, referencia) values (44, 44, 'Division', 'Stuart', '11988', 'tortor risus dapibus augue vel accumsan tellus nisi eu orci mauris lacinia sapien quis libero nullam sit amet turpis elementum');
insert into direccion (id, cliente_id, calle_1, calle_2, numero, referencia) values (45, 45, 'Leroy', 'Muir', '752', 'in leo maecenas pulvinar lobortis est phasellus sit amet erat nulla tempus vivamus in felis eu sapien');
insert into direccion (id, cliente_id, calle_1, calle_2, numero, referencia) values (46, 46, 'Basil', 'Straubel', '07098', 'suspendisse accumsan tortor quis turpis sed ante vivamus tortor duis mattis egestas metus aenean fermentum donec ut mauris eget massa');
insert into direccion (id, cliente_id, calle_1, calle_2, numero, referencia) values (47, 47, 'Dryden', 'Pepper Wood', '33', 'suscipit a feugiat et eros vestibulum ac est lacinia nisi venenatis tristique fusce');
insert into direccion (id, cliente_id, calle_1, calle_2, numero, referencia) values (48, 48, 'Kingsford', 'Thierer', '25022', 'lacus purus aliquet at feugiat non pretium quis lectus suspendisse potenti in eleifend');
insert into direccion (id, cliente_id, calle_1, calle_2, numero, referencia) values (49, 49, 'Mariners Cove', 'Southridge', '4', 'in sagittis dui vel nisl duis ac nibh fusce lacus purus aliquet at');
insert into direccion (id, cliente_id, calle_1, calle_2, numero, referencia) values (50, 50, 'Milwaukee', 'Fair Oaks', '193', 'aliquet massa id lobortis convallis tortor risus dapibus augue vel');
insert into direccion (id, cliente_id, calle_1, calle_2, numero, referencia) values (51, 51, 'Cambridge', 'Oak', '23', 'sed magna at nunc commodo placerat praesent blandit nam nulla integer pede justo lacinia eget tincidunt');
insert into direccion (id, cliente_id, calle_1, calle_2, numero, referencia) values (52, 52, 'Anhalt', 'Bayside', '65', 'ullamcorper augue a suscipit nulla elit ac nulla sed vel');
insert into direccion (id, cliente_id, calle_1, calle_2, numero, referencia) values (53, 53, 'Ilene', 'Rockefeller', '02010', 'donec ut mauris eget massa tempor convallis nulla neque libero convallis eget eleifend luctus');
insert into direccion (id, cliente_id, calle_1, calle_2, numero, referencia) values (54, 54, 'Sachs', 'Saint Paul', '94008', 'non ligula pellentesque ultrices phasellus id sapien in sapien iaculis congue vivamus metus arcu');
insert into direccion (id, cliente_id, calle_1, calle_2, numero, referencia) values (55, 55, 'Debs', 'Kedzie', '894', 'mi integer ac neque duis bibendum morbi non quam nec dui luctus rutrum nulla tellus');
insert into direccion (id, cliente_id, calle_1, calle_2, numero, referencia) values (56, 56, 'Rowland', 'Hovde', '55192', 'est lacinia nisi venenatis tristique fusce congue diam id ornare imperdiet sapien urna pretium nisl ut volutpat sapien arcu');
insert into direccion (id, cliente_id, calle_1, calle_2, numero, referencia) values (57, 57, 'Gale', 'Armistice', '7287', 'adipiscing elit proin risus praesent lectus vestibulum quam sapien varius');
insert into direccion (id, cliente_id, calle_1, calle_2, numero, referencia) values (58, 58, 'Maple Wood', 'Doe Crossing', '57', 'eget massa tempor convallis nulla neque libero convallis eget eleifend luctus ultricies eu nibh quisque');
insert into direccion (id, cliente_id, calle_1, calle_2, numero, referencia) values (59, 59, 'Nova', 'Glendale', '160', 'mi pede malesuada in imperdiet et commodo vulputate justo in blandit ultrices enim');
insert into direccion (id, cliente_id, calle_1, calle_2, numero, referencia) values (60, 60, 'Jay', 'Texas', '160', 'vivamus vel nulla eget eros elementum pellentesque quisque porta volutpat erat quisque erat eros viverra eget congue');
insert into direccion (id, cliente_id, calle_1, calle_2, numero, referencia) values (61, 61, 'Kropf', 'Golf', '30', 'mauris lacinia sapien quis libero nullam sit amet turpis elementum ligula vehicula consequat morbi a');
insert into direccion (id, cliente_id, calle_1, calle_2, numero, referencia) values (62, 62, 'Waywood', 'Hansons', '810', 'rhoncus mauris enim leo rhoncus sed vestibulum sit amet cursus id turpis integer aliquet massa id lobortis convallis tortor');
insert into direccion (id, cliente_id, calle_1, calle_2, numero, referencia) values (63, 63, 'Union', 'Oakridge', '052', 'curae donec pharetra magna vestibulum aliquet ultrices erat tortor sollicitudin mi sit amet lobortis');
insert into direccion (id, cliente_id, calle_1, calle_2, numero, referencia) values (64, 64, 'Delaware', 'Fair Oaks', '524', 'dapibus dolor vel est donec odio justo sollicitudin ut suscipit a feugiat et eros vestibulum ac est lacinia nisi');
insert into direccion (id, cliente_id, calle_1, calle_2, numero, referencia) values (65, 65, 'Reindahl', 'Monica', '730', 'mauris ullamcorper purus sit amet nulla quisque arcu libero rutrum ac lobortis vel dapibus at diam nam tristique tortor eu');
insert into direccion (id, cliente_id, calle_1, calle_2, numero, referencia) values (66, 66, 'Goodland', 'Manitowish', '62', 'cras mi pede malesuada in imperdiet et commodo vulputate justo in blandit ultrices enim lorem ipsum dolor sit amet consectetuer');
insert into direccion (id, cliente_id, calle_1, calle_2, numero, referencia) values (67, 67, 'Debs', 'Paget', '7573', 'ultrices posuere cubilia curae mauris viverra diam vitae quam suspendisse');
insert into direccion (id, cliente_id, calle_1, calle_2, numero, referencia) values (68, 68, 'Melrose', 'Dottie', '736', 'montes nascetur ridiculus mus vivamus vestibulum sagittis sapien cum sociis natoque penatibus et magnis dis parturient montes nascetur ridiculus mus');
insert into direccion (id, cliente_id, calle_1, calle_2, numero, referencia) values (69, 69, 'Barby', 'Badeau', '82', 'ornare imperdiet sapien urna pretium nisl ut volutpat sapien arcu sed augue aliquam erat volutpat in');
insert into direccion (id, cliente_id, calle_1, calle_2, numero, referencia) values (70, 70, 'Fieldstone', 'Mandrake', '91459', 'est donec odio justo sollicitudin ut suscipit a feugiat et eros vestibulum ac est lacinia nisi venenatis');
insert into direccion (id, cliente_id, calle_1, calle_2, numero, referencia) values (71, 71, 'Spenser', 'John Wall', '643', 'velit eu est congue elementum in hac habitasse platea dictumst morbi vestibulum velit id pretium iaculis diam erat');
insert into direccion (id, cliente_id, calle_1, calle_2, numero, referencia) values (72, 72, 'Dayton', 'Arrowood', '4877', 'consequat dui nec nisi volutpat eleifend donec ut dolor morbi vel lectus in quam fringilla rhoncus mauris enim leo rhoncus');
insert into direccion (id, cliente_id, calle_1, calle_2, numero, referencia) values (73, 73, '6th', 'Mccormick', '32', 'odio consequat varius integer ac leo pellentesque ultrices mattis odio donec vitae nisi nam ultrices libero non mattis pulvinar');
insert into direccion (id, cliente_id, calle_1, calle_2, numero, referencia) values (74, 74, 'Dayton', 'Hoffman', '768', 'augue vel accumsan tellus nisi eu orci mauris lacinia sapien quis libero nullam');
insert into direccion (id, cliente_id, calle_1, calle_2, numero, referencia) values (75, 75, 'Cambridge', 'Claremont', '765', 'sit amet consectetuer adipiscing elit proin risus praesent lectus vestibulum quam sapien varius');
insert into direccion (id, cliente_id, calle_1, calle_2, numero, referencia) values (76, 76, 'Loeprich', 'Pearson', '5493', 'consectetuer eget rutrum at lorem integer tincidunt ante vel ipsum praesent blandit lacinia erat vestibulum sed magna at nunc commodo');
insert into direccion (id, cliente_id, calle_1, calle_2, numero, referencia) values (77, 77, 'Kedzie', 'Kenwood', '0505', 'nisl aenean lectus pellentesque eget nunc donec quis orci eget orci vehicula condimentum curabitur');
insert into direccion (id, cliente_id, calle_1, calle_2, numero, referencia) values (78, 78, 'Stang', 'Muir', '218', 'aenean lectus pellentesque eget nunc donec quis orci eget orci vehicula condimentum curabitur in libero');
insert into direccion (id, cliente_id, calle_1, calle_2, numero, referencia) values (79, 79, 'Dottie', 'Dunning', '41282', 'nisl ut volutpat sapien arcu sed augue aliquam erat volutpat in congue etiam justo etiam');
insert into direccion (id, cliente_id, calle_1, calle_2, numero, referencia) values (80, 80, 'Sauthoff', 'Acker', '0', 'suscipit a feugiat et eros vestibulum ac est lacinia nisi venenatis tristique');
insert into direccion (id, cliente_id, calle_1, calle_2, numero, referencia) values (81, 81, 'Redwing', 'Carpenter', '53942', 'aliquam erat volutpat in congue etiam justo etiam pretium iaculis justo in');
insert into direccion (id, cliente_id, calle_1, calle_2, numero, referencia) values (82, 82, 'Spohn', 'Michigan', '7658', 'lacus at velit vivamus vel nulla eget eros elementum pellentesque quisque porta volutpat erat quisque erat eros viverra eget congue');
insert into direccion (id, cliente_id, calle_1, calle_2, numero, referencia) values (83, 83, 'Brentwood', 'Packers', '8183', 'mi in porttitor pede justo eu massa donec dapibus duis at velit eu');
insert into direccion (id, cliente_id, calle_1, calle_2, numero, referencia) values (84, 84, 'Ridge Oak', 'Sutherland', '55', 'tortor risus dapibus augue vel accumsan tellus nisi eu orci mauris lacinia sapien quis libero');
insert into direccion (id, cliente_id, calle_1, calle_2, numero, referencia) values (85, 85, 'Dixon', 'Boyd', '3679', 'suspendisse potenti in eleifend quam a odio in hac habitasse platea dictumst maecenas ut massa');
insert into direccion (id, cliente_id, calle_1, calle_2, numero, referencia) values (86, 86, 'Petterle', 'Kipling', '30', 'cubilia curae donec pharetra magna vestibulum aliquet ultrices erat tortor sollicitudin mi sit amet');
insert into direccion (id, cliente_id, calle_1, calle_2, numero, referencia) values (87, 87, 'Delaware', 'Carpenter', '352', 'at nibh in hac habitasse platea dictumst aliquam augue quam sollicitudin vitae consectetuer eget rutrum at lorem integer tincidunt ante');
insert into direccion (id, cliente_id, calle_1, calle_2, numero, referencia) values (88, 88, 'Knutson', 'Delaware', '2919', 'quam a odio in hac habitasse platea dictumst maecenas ut massa quis augue luctus tincidunt');
insert into direccion (id, cliente_id, calle_1, calle_2, numero, referencia) values (89, 89, '8th', 'Express', '54', 'in imperdiet et commodo vulputate justo in blandit ultrices enim lorem ipsum');
insert into direccion (id, cliente_id, calle_1, calle_2, numero, referencia) values (90, 90, 'Tennyson', 'Waubesa', '629', 'integer tincidunt ante vel ipsum praesent blandit lacinia erat vestibulum sed magna at nunc commodo placerat');
insert into direccion (id, cliente_id, calle_1, calle_2, numero, referencia) values (91, 91, 'Carey', 'Lerdahl', '56', 'mauris eget massa tempor convallis nulla neque libero convallis eget eleifend luctus');
insert into direccion (id, cliente_id, calle_1, calle_2, numero, referencia) values (92, 92, 'Bayside', 'Mariners Cove', '8750', 'odio curabitur convallis duis consequat dui nec nisi volutpat eleifend donec');
insert into direccion (id, cliente_id, calle_1, calle_2, numero, referencia) values (93, 93, 'Grim', 'North', '5', 'augue vestibulum ante ipsum primis in faucibus orci luctus et ultrices posuere cubilia curae donec pharetra');
insert into direccion (id, cliente_id, calle_1, calle_2, numero, referencia) values (94, 94, 'Hoard', 'Crowley', '537', 'posuere cubilia curae mauris viverra diam vitae quam suspendisse potenti');
insert into direccion (id, cliente_id, calle_1, calle_2, numero, referencia) values (95, 95, 'Manufacturers', 'Westridge', '4535', 'ut massa volutpat convallis morbi odio odio elementum eu interdum');
insert into direccion (id, cliente_id, calle_1, calle_2, numero, referencia) values (96, 96, 'Dahle', 'Karstens', '53', 'sed vel enim sit amet nunc viverra dapibus nulla suscipit');
insert into direccion (id, cliente_id, calle_1, calle_2, numero, referencia) values (97, 97, 'Badeau', 'Hovde', '84702', 'tortor id nulla ultrices aliquet maecenas leo odio condimentum id luctus nec molestie sed justo pellentesque');
insert into direccion (id, cliente_id, calle_1, calle_2, numero, referencia) values (98, 98, 'Knutson', 'Mcbride', '2986', 'nisi venenatis tristique fusce congue diam id ornare imperdiet sapien urna pretium nisl ut volutpat');
insert into direccion (id, cliente_id, calle_1, calle_2, numero, referencia) values (99, 99, 'Anniversary', 'Dovetail', '9014', 'feugiat et eros vestibulum ac est lacinia nisi venenatis tristique fusce congue diam id ornare imperdiet sapien urna pretium');
insert into direccion (id, cliente_id, calle_1, calle_2, numero, referencia) values (100, 100, 'Mandrake', 'Rockefeller', '5', 'sed vestibulum sit amet cursus id turpis integer aliquet massa id lobortis convallis tortor');


