# Host: localhost  (Version: 5.6.17)
# Date: 2014-07-18 02:18:40
# Generator: MySQL-Front 5.3  (Build 4.133)

/*!40101 SET NAMES utf8 */;

#
# Data for table "cliente"
#

INSERT INTO `cliente` (`id`,`tipo`,`nombre`,`apellido`,`razon_social`,`cedula`,`telefono`,`celular`,`email`,`descripcion`,`estado`,`fecha_creacion`,`fecha_actualizacion`) VALUES (1,'VENDEDOR','John','Patterson','Photospace','353235292','904-238781','7544944984','jpatterson@realblab.biz','eleifend quam a odio in hac habitasse platea dictumst maecenas ut massa quis augue luctus tincidunt nulla mollis','ACTIVO','2013-10-17 00:00:00','2014-07-18 01:54:32'),(2,'VENDEDOR','Stephen','Carr','Roombo','805-28-8039','8-(101)791-2248','5-(387)369-9787','scarr@zoonder.info','sit amet cursus id turpis integer aliquet massa id lobortis convallis tortor risus dapibus augue vel accumsan tellus nisi eu','ACTIVO','2014-01-28 00:00:00','2013-08-13 00:00:00'),(3,'VENDEDOR','Kelly','Parker','Wikizz','836049846','425-100202','9757958851','kparker@camimbo.biz','in libero ut massa volutpat convallis morbi odio odio elementum eu','ACTIVO','2014-06-07 00:00:00','2014-07-18 00:59:33'),(4,'COMPRADOR','Gary','Sanchez','Ntag','938-27-0627','7-(237)758-0261','3-(146)298-4468','gsanchez@buzzster.com','mauris lacinia sapien quis libero nullam sit amet turpis elementum ligula vehicula','ACTIVO','2013-10-08 00:00:00','2014-06-22 00:00:00'),(5,'COMPRADOR','Wayne','Stephens','Babbleset','532-67-3453','0-(488)239-3021','2-(637)435-9547','wstephens@voolith.gov','cras pellentesque volutpat dui maecenas tristique est et tempus semper est','ACTIVO','2013-12-15 00:00:00','2014-02-14 00:00:00'),(6,'VENDEDOR','Norma','Fuller','Twitterbeat','183-45-0065','5-(919)584-9165','1-(701)209-0112','nfuller@jazzy.org','a odio in hac habitasse platea dictumst maecenas ut massa quis augue luctus tincidunt nulla mollis molestie lorem quisque','ACTIVO','2013-09-08 00:00:00','2014-02-14 00:00:00'),(7,'VENDEDOR','Lori','Peters','Bubbletube','830-62-4986','0-(056)798-1778','9-(949)891-3878','lpeters@tagpad.biz','blandit ultrices enim lorem ipsum dolor sit amet consectetuer adipiscing elit proin interdum mauris non ligula pellentesque ultrices','ACTIVO','2013-12-09 00:00:00','2013-09-07 00:00:00'),(8,'VENDEDOR','Jacqueline','Gardner','Realfire','721-44-6020','4-(105)231-0949','0-(558)113-6151','jgardner@roodel.org','nulla tellus in sagittis dui vel nisl duis ac nibh fusce','ACTIVO','2013-11-09 00:00:00','2014-05-06 00:00:00'),(9,'COMPRADOR','Donna','Moore','Yata','202-18-7406','3-(390)580-4022','8-(005)037-0916','dmoore@katz.info','amet sem fusce consequat nulla nisl nunc nisl duis bibendum felis sed interdum','ACTIVO','2014-06-26 00:00:00','2014-05-27 00:00:00'),(10,'VENDEDOR','Terry','Simpson','Thoughtmix','184-59-5697','5-(129)314-2855','1-(695)974-8098','tsimpson@aimbu.edu','lobortis est phasellus sit amet erat nulla tempus vivamus in felis eu sapien cursus vestibulum proin eu mi','ACTIVO','2014-03-25 00:00:00','2014-06-12 00:00:00'),(11,'VENDEDOR','Sandra','Smith','Brainlounge','574-95-8507','0-(774)442-8678','6-(397)346-7153','ssmith@blogxs.mil','sit amet turpis elementum ligula vehicula consequat morbi a ipsum integer a nibh in quis justo','ACTIVO','2013-08-02 00:00:00','2014-01-08 00:00:00'),(12,'COMPRADOR','Alice','Fernandez','Tagtune','817-71-6273','7-(364)093-0899','3-(855)308-2778','afernandez@jabbersphere.biz','eros elementum pellentesque quisque porta volutpat erat quisque erat eros viverra eget congue eget','ACTIVO','2013-09-23 00:00:00','2014-04-22 00:00:00'),(13,'VENDEDOR','Lisa','Hall','Bubblebox','393-30-5072','6-(500)235-7617','0-(424)564-2345','lhall@blognation.info','est lacinia nisi venenatis tristique fusce congue diam id ornare imperdiet sapien urna pretium nisl ut','ACTIVO','2014-06-24 00:00:00','2013-08-08 00:00:00'),(14,'VENDEDOR','Michael','Walker','Twitterlist','415-96-6223','7-(424)008-8512','4-(852)115-2727','mwalker@wikido.biz','augue vestibulum ante ipsum primis in faucibus orci luctus et ultrices posuere cubilia curae donec pharetra magna vestibulum','ACTIVO','2013-09-29 00:00:00','2013-09-23 00:00:00'),(15,'VENDEDOR','Harry','Franklin','Livepath','556-47-8146','9-(266)261-7301','2-(170)813-0998','hfranklin@thoughtsphere.org','erat fermentum justo nec condimentum neque sapien placerat ante nulla justo aliquam quis turpis eget elit sodales scelerisque mauris','ACTIVO','2014-04-09 00:00:00','2014-06-05 00:00:00'),(16,'COMPRADOR','Jacqueline','Ortiz','Linkbuzz','789-10-7157','2-(578)268-2177','2-(103)733-3489','jortiz@innoz.name','volutpat in congue etiam justo etiam pretium iaculis justo in hac habitasse platea dictumst etiam faucibus cursus urna ut tellus','ACTIVO','2013-12-30 00:00:00','2013-11-28 00:00:00'),(17,'VENDEDOR','Thomas','Wheeler','Yodel','264-26-6402','6-(318)046-9655','8-(206)923-4257','twheeler@eidel.net','mus vivamus vestibulum sagittis sapien cum sociis natoque penatibus et magnis','ACTIVO','2014-01-08 00:00:00','2013-09-28 00:00:00'),(18,'COMPRADOR','Frank','Hill','Yata','611-26-6026','5-(415)070-3436','5-(193)124-1334','fhill@quimm.info','bibendum morbi non quam nec dui luctus rutrum nulla tellus','ACTIVO','2014-05-15 00:00:00','2014-05-12 00:00:00'),(19,'COMPRADOR','Cheryl','Fuller','LiveZ','976-73-5073','4-(871)800-7460','3-(944)042-2495','cfuller@skipstorm.mil','volutpat sapien arcu sed augue aliquam erat volutpat in congue etiam justo etiam pretium iaculis','ACTIVO','2013-09-02 00:00:00','2013-07-10 00:00:00'),(20,'VENDEDOR','Gloria','Greene','Blogspan','736-25-5382','4-(504)432-0499','8-(839)946-2778','ggreene@realcube.gov','neque aenean auctor gravida sem praesent id massa id nisl','ACTIVO','2013-07-06 00:00:00','2013-09-06 00:00:00'),(21,'VENDEDOR','Victor','Stone','Skyvu','144-44-5889','2-(424)765-9038','6-(349)671-2757','vstone@browsetype.gov','nulla tellus in sagittis dui vel nisl duis ac nibh fusce lacus purus aliquet at feugiat non pretium quis lectus','ACTIVO','2013-10-31 00:00:00','2014-05-19 00:00:00'),(22,'COMPRADOR','Linda','Burns','Wordpedia','886-60-6885','8-(290)423-6683','9-(645)475-2452','lburns@feedspan.gov','justo in hac habitasse platea dictumst etiam faucibus cursus urna ut','ACTIVO','2013-07-04 00:00:00','2013-10-01 00:00:00'),(23,'COMPRADOR','Kathleen','White','Voonyx','487-50-0956','2-(335)122-3546','1-(259)657-0228','kwhite@fivebridge.mil','vitae quam suspendisse potenti nullam porttitor lacus at turpis donec posuere metus vitae ipsum aliquam non mauris morbi non lectus','ACTIVO','2014-01-29 00:00:00','2013-10-19 00:00:00'),(24,'VENDEDOR','Craig','Anderson','Topicstorm','498-38-1850','6-(391)532-6351','0-(940)599-7798','canderson@youbridge.org','hac habitasse platea dictumst maecenas ut massa quis augue luctus tincidunt nulla mollis molestie lorem','ACTIVO','2014-03-04 00:00:00','2013-11-30 00:00:00'),(25,'VENDEDOR','Dennis','Graham','Jabbersphere','624-44-2276','3-(837)242-9850','6-(394)787-6200','dgraham@kayveo.mil','eu nibh quisque id justo sit amet sapien dignissim vestibulum','ACTIVO','2013-11-05 00:00:00','2013-07-05 00:00:00'),(26,'COMPRADOR','Norma','Palmer','Topdrive','789-40-6633','5-(737)884-6039','1-(216)044-4161','npalmer@camimbo.gov','erat vestibulum sed magna at nunc commodo placerat praesent blandit nam','ACTIVO','2014-06-22 00:00:00','2013-07-12 00:00:00'),(27,'COMPRADOR','Chris','Hudson','Topicstorm','386-28-9231','4-(351)369-5571','5-(519)563-4996','chudson@zoomcast.com','eleifend quam a odio in hac habitasse platea dictumst maecenas ut massa quis augue luctus tincidunt nulla mollis','ACTIVO','2014-01-29 00:00:00','2014-05-05 00:00:00'),(28,'COMPRADOR','Eugene','Gilbert','Mycat','433-79-6582','2-(578)944-1381','9-(404)182-6080','egilbert@gabcube.org','convallis duis consequat dui nec nisi volutpat eleifend donec ut dolor morbi vel lectus','ACTIVO','2013-11-10 00:00:00','2014-04-29 00:00:00'),(29,'COMPRADOR','Doris','Morris','Twitterworks','666-46-6428','6-(011)238-7000','6-(761)411-1459','dmorris@skippad.info','id mauris vulputate elementum nullam varius nulla facilisi cras non','ACTIVO','2013-11-15 00:00:00','2014-03-08 00:00:00'),(30,'COMPRADOR','Walter','Nguyen','Leexo','323-21-6092','5-(680)442-6027','3-(475)482-0068','wnguyen@innotype.edu','nec dui luctus rutrum nulla tellus in sagittis dui vel nisl','ACTIVO','2014-01-10 00:00:00','2013-07-04 00:00:00'),(31,'COMPRADOR','Lillian','Russell','Buzzdog','689-45-5736','2-(592)152-1100','0-(422)208-8589','lrussell@thoughtbridge.info','viverra eget congue eget semper rutrum nulla nunc purus phasellus in','ACTIVO','2013-08-17 00:00:00','2013-08-20 00:00:00'),(32,'COMPRADOR','Jane','Hamilton','Edgeify','135-02-2894','6-(675)646-1813','3-(330)439-7953','jhamilton@feedfire.org','donec posuere metus vitae ipsum aliquam non mauris morbi non lectus','ACTIVO','2013-12-31 00:00:00','2014-04-21 00:00:00'),(33,'COMPRADOR','Arthur','Fuller','Tazzy','318-91-7289','8-(855)784-2549','7-(175)449-5757','afuller@katz.biz','habitasse platea dictumst etiam faucibus cursus urna ut tellus nulla ut erat id','ACTIVO','2014-01-29 00:00:00','2014-05-28 00:00:00'),(34,'COMPRADOR','Judy','Lewis','Oyoba','217-53-1385','3-(873)778-3030','0-(279)068-4323','jlewis@jumpxs.org','in consequat ut nulla sed accumsan felis ut at dolor quis','ACTIVO','2014-03-20 00:00:00','2013-09-19 00:00:00'),(35,'VENDEDOR','Julie','Crawford','Topiclounge','341-47-9140','5-(893)117-0861','9-(129)933-9633','jcrawford@feedspan.org','ac diam cras pellentesque volutpat dui maecenas tristique est et tempus semper est quam pharetra magna ac','ACTIVO','2013-11-26 00:00:00','2014-06-18 00:00:00'),(36,'VENDEDOR','Lisa','George','Chatterpoint','989-52-9120','8-(809)630-4018','9-(218)238-2267','lgeorge@mynte.name','porttitor pede justo eu massa donec dapibus duis at velit eu est congue elementum in hac habitasse','ACTIVO','2013-07-14 00:00:00','2014-01-25 00:00:00'),(37,'VENDEDOR','Karen','Stanley','Meedoo','329-23-2481','0-(160)041-1968','7-(292)658-1737','kstanley@jaloo.gov','mauris laoreet ut rhoncus aliquet pulvinar sed nisl nunc rhoncus dui vel sem sed sagittis nam','ACTIVO','2013-06-28 00:00:00','2013-10-29 00:00:00'),(38,'COMPRADOR','Ruth','Hart','Tambee','815-55-2290','9-(343)251-0772','7-(269)356-9079','rhart@centidel.info','sapien sapien non mi integer ac neque duis bibendum morbi non quam nec','ACTIVO','2014-06-23 00:00:00','2014-06-04 00:00:00'),(39,'COMPRADOR','Earl','Henry','Jayo','839-71-7807','3-(019)404-9292','0-(027)592-2596','ehenry@podcat.name','quis tortor id nulla ultrices aliquet maecenas leo odio condimentum id luctus nec','ACTIVO','2014-06-13 00:00:00','2014-02-09 00:00:00'),(40,'VENDEDOR','Elizabeth','Cooper','Reallinks','552-75-3334','7-(041)865-8280','6-(989)233-8073','ecooper@quamba.org','dignissim vestibulum vestibulum ante ipsum primis in faucibus orci luctus et ultrices','ACTIVO','2013-12-24 00:00:00','2013-07-03 00:00:00'),(41,'COMPRADOR','Jeffrey','Murray','Skyvu','122-77-7043','5-(114)039-4947','1-(725)362-5286','jmurray@blognation.net','suspendisse potenti in eleifend quam a odio in hac habitasse platea dictumst maecenas ut massa quis augue luctus','ACTIVO','2014-02-03 00:00:00','2014-02-17 00:00:00'),(42,'VENDEDOR','Linda','Rivera','Skiba','203-96-3612','3-(345)373-7952','1-(974)963-1375','lrivera@blogxs.com','enim in tempor turpis nec euismod scelerisque quam turpis adipiscing lorem vitae mattis nibh ligula nec sem','ACTIVO','2013-12-28 00:00:00','2013-07-23 00:00:00'),(43,'VENDEDOR','Louis','Fisher','Quatz','881-63-2764','5-(903)603-2436','5-(732)902-3209','lfisher@thoughtworks.info','id justo sit amet sapien dignissim vestibulum vestibulum ante ipsum primis in faucibus orci luctus et ultrices posuere','ACTIVO','2013-08-19 00:00:00','2013-10-13 00:00:00'),(44,'VENDEDOR','Sharon','Hunt','Devshare','318-38-8451','1-(374)575-7344','1-(901)744-3600','shunt@gigabox.net','lobortis convallis tortor risus dapibus augue vel accumsan tellus nisi eu orci mauris lacinia sapien quis libero nullam sit amet','ACTIVO','2014-06-23 00:00:00','2014-02-20 00:00:00'),(45,'VENDEDOR','Maria','Jenkins','Cogilith','703-76-7823','5-(068)941-3631','0-(663)651-2415','mjenkins@lazzy.name','nunc viverra dapibus nulla suscipit ligula in lacus curabitur at ipsum','ACTIVO','2014-03-27 00:00:00','2014-05-17 00:00:00'),(46,'VENDEDOR','Deborah','Turner','Edgewire','951-04-5088','9-(602)983-9792','3-(179)756-3733','dturner@dabvine.biz','morbi vel lectus in quam fringilla rhoncus mauris enim leo rhoncus sed vestibulum sit amet cursus id','ACTIVO','2014-05-24 00:00:00','2013-12-03 00:00:00'),(47,'COMPRADOR','Billy','George','Twinder','779-29-9734','7-(792)171-5762','3-(066)743-2389','bgeorge@jabberbean.com','semper interdum mauris ullamcorper purus sit amet nulla quisque arcu libero rutrum ac lobortis vel dapibus','ACTIVO','2014-02-05 00:00:00','2013-09-04 00:00:00'),(48,'VENDEDOR','Mary','Anderson','Aimbo','118-29-6099','0-(450)449-7455','1-(537)872-2192','manderson@mydeo.edu','tristique in tempus sit amet sem fusce consequat nulla nisl nunc nisl','ACTIVO','2013-11-13 00:00:00','2013-08-27 00:00:00'),(49,'COMPRADOR','Michelle','Young','Yata','944-71-0749','8-(446)765-1297','5-(575)746-0166','myoung@dabshots.mil','mauris eget massa tempor convallis nulla neque libero convallis eget eleifend luctus ultricies eu nibh quisque id justo sit amet','ACTIVO','2013-09-01 00:00:00','2014-04-10 00:00:00'),(50,'VENDEDOR','Julie','Austin','Dynazzy','477-42-8426','8-(937)057-0417','1-(592)398-3126','jaustin@fatz.edu','sapien ut nunc vestibulum ante ipsum primis in faucibus orci luctus et ultrices posuere','ACTIVO','2014-03-21 00:00:00','2013-09-02 00:00:00'),(51,'VENDEDOR','Scott','Thompson','Youtags','931-14-1362','8-(724)183-4105','5-(598)634-5424','sthompson@feedfire.org','amet sapien dignissim vestibulum vestibulum ante ipsum primis in faucibus','ACTIVO','2013-11-18 00:00:00','2013-10-26 00:00:00'),(52,'VENDEDOR','Richard','Smith','Demivee','895-29-1177','8-(185)361-6009','7-(760)819-5087','rsmith@voomm.mil','facilisi cras non velit nec nisi vulputate nonummy maecenas tincidunt lacus at velit vivamus vel nulla eget eros elementum','ACTIVO','2014-04-20 00:00:00','2013-07-30 00:00:00'),(53,'COMPRADOR','Patricia','Austin','Photojam','678-44-0976','7-(279)291-3482','7-(766)668-8621','paustin@yodoo.org','vitae consectetuer eget rutrum at lorem integer tincidunt ante vel ipsum praesent blandit lacinia erat','ACTIVO','2014-03-28 00:00:00','2014-04-24 00:00:00'),(54,'VENDEDOR','Eric','Morris','Eidel','447-18-4665','0-(012)415-7832','3-(298)838-1307','emorris@livez.net','quam sapien varius ut blandit non interdum in ante vestibulum ante ipsum primis in faucibus','ACTIVO','2013-12-06 00:00:00','2014-04-30 00:00:00'),(55,'COMPRADOR','Maria','Wilson','Shuffletag','909-05-5908','7-(799)335-2119','8-(726)727-2939','mwilson@skynoodle.com','metus sapien ut nunc vestibulum ante ipsum primis in faucibus orci luctus et ultrices posuere cubilia curae mauris viverra diam','ACTIVO','2014-02-11 00:00:00','2014-04-28 00:00:00'),(56,'VENDEDOR','Thomas','Castillo','Eidel','672-42-7429','6-(243)730-2660','1-(689)712-5643','tcastillo@skimia.biz','libero ut massa volutpat convallis morbi odio odio elementum eu interdum','ACTIVO','2013-10-04 00:00:00','2013-12-08 00:00:00'),(57,'VENDEDOR','Michelle','Campbell','Zoovu','802-34-9280','9-(415)033-6754','6-(100)445-7265','mcampbell@trilith.mil','commodo placerat praesent blandit nam nulla integer pede justo lacinia','ACTIVO','2013-07-15 00:00:00','2014-03-14 00:00:00'),(58,'COMPRADOR','John','Simpson','Tazz','475-97-2147','8-(629)979-5646','9-(612)561-5911','jsimpson@yombu.name','a pede posuere nonummy integer non velit donec diam neque vestibulum eget vulputate ut ultrices vel augue vestibulum ante ipsum','ACTIVO','2013-07-13 00:00:00','2013-10-08 00:00:00'),(59,'VENDEDOR','Amanda','Vasquez','Teklist','700-17-2742','5-(468)894-9603','4-(612)200-8211','avasquez@brightbean.com','sit amet nunc viverra dapibus nulla suscipit ligula in lacus curabitur at ipsum ac tellus semper interdum mauris ullamcorper purus','ACTIVO','2013-11-17 00:00:00','2013-10-06 00:00:00'),(60,'VENDEDOR','Marilyn','Williams','Gabvine','771-84-4308','4-(428)288-2942','6-(598)636-9430','mwilliams@skalith.mil','mauris non ligula pellentesque ultrices phasellus id sapien in sapien iaculis congue vivamus metus arcu adipiscing molestie hendrerit at vulputate','ACTIVO','2014-06-05 00:00:00','2014-02-03 00:00:00'),(61,'VENDEDOR','Denise','Morgan','Skinte','486-47-3515','3-(454)942-0091','9-(967)490-6543','dmorgan@devbug.info','praesent lectus vestibulum quam sapien varius ut blandit non interdum in ante','ACTIVO','2014-04-22 00:00:00','2013-07-11 00:00:00'),(62,'COMPRADOR','Bonnie','Wright','Janyx','945-77-5463','7-(217)149-0966','2-(593)219-9444','bwright@rhynoodle.com','dui vel nisl duis ac nibh fusce lacus purus aliquet','ACTIVO','2014-06-11 00:00:00','2013-09-28 00:00:00'),(63,'VENDEDOR','Alan','Kelly','Oyoyo','618-55-7359','0-(859)846-4074','4-(930)329-8739','akelly@bubbletube.mil','semper porta volutpat quam pede lobortis ligula sit amet eleifend pede libero quis orci nullam molestie nibh in lectus','ACTIVO','2014-04-08 00:00:00','2014-03-28 00:00:00'),(64,'VENDEDOR','Sarah','Thomas','Dynabox','853-65-2363','3-(847)916-9332','6-(022)497-8418','sthomas@roomm.biz','rhoncus sed vestibulum sit amet cursus id turpis integer aliquet massa id lobortis convallis tortor','ACTIVO','2013-09-03 00:00:00','2013-09-28 00:00:00'),(65,'COMPRADOR','Janet','Lopez','Meezzy','202-33-9606','6-(005)338-2020','2-(855)577-3477','jlopez@riffpath.org','ultrices enim lorem ipsum dolor sit amet consectetuer adipiscing elit proin interdum mauris non ligula pellentesque ultrices','ACTIVO','2014-03-11 00:00:00','2013-10-25 00:00:00'),(66,'COMPRADOR','Fred','Knight','Babbleblab','480-31-2258','1-(143)901-6803','2-(403)727-1586','fknight@flashspan.gov','ante ipsum primis in faucibus orci luctus et ultrices posuere','ACTIVO','2014-06-01 00:00:00','2013-12-11 00:00:00'),(67,'VENDEDOR','Wanda','Rose','Dablist','525-42-0323','9-(812)639-4559','2-(426)632-1617','wrose@jaxworks.gov','ullamcorper purus sit amet nulla quisque arcu libero rutrum ac lobortis vel dapibus at diam nam tristique tortor eu pede','ACTIVO','2013-09-15 00:00:00','2014-02-03 00:00:00'),(68,'VENDEDOR','David','Smith','Jabbersphere','804-78-6006','2-(966)010-4824','6-(882)260-7794','dsmith@kazu.org','porta volutpat quam pede lobortis ligula sit amet eleifend pede libero quis','ACTIVO','2014-05-04 00:00:00','2014-05-12 00:00:00'),(69,'VENDEDOR','Jeffrey','Bowman','Kaymbo','832-19-2352','1-(776)594-5082','4-(876)053-1419','jbowman@roodel.net','sed justo pellentesque viverra pede ac diam cras pellentesque volutpat dui maecenas tristique est et tempus','ACTIVO','2013-07-20 00:00:00','2013-07-26 00:00:00'),(70,'COMPRADOR','Christina','Ferguson','Trunyx','434-66-0815','5-(219)242-6590','8-(941)737-8714','cferguson@oozz.com','eu orci mauris lacinia sapien quis libero nullam sit amet turpis elementum ligula vehicula consequat morbi a ipsum integer a','ACTIVO','2014-06-08 00:00:00','2014-05-21 00:00:00'),(71,'COMPRADOR','Donna','Scott','Dablist','830-52-3235','4-(212)014-1712','0-(386)138-0279','dscott@avamba.org','eros suspendisse accumsan tortor quis turpis sed ante vivamus tortor duis mattis egestas metus aenean fermentum donec','ACTIVO','2014-06-01 00:00:00','2014-03-08 00:00:00'),(72,'COMPRADOR','Billy','Simmons','Thoughtsphere','160-94-0521','4-(462)624-1742','4-(421)852-4374','bsimmons@rhyzio.biz','integer aliquet massa id lobortis convallis tortor risus dapibus augue vel accumsan tellus nisi eu orci','ACTIVO','2013-09-02 00:00:00','2014-01-10 00:00:00'),(73,'VENDEDOR','Edward','Fowler','Eazzy','283-25-4898','2-(986)102-6371','4-(053)799-8388','efowler@camimbo.edu','interdum mauris non ligula pellentesque ultrices phasellus id sapien in sapien','ACTIVO','2014-03-20 00:00:00','2014-04-04 00:00:00'),(74,'VENDEDOR','Julie','Stanley','Photospace','312-75-4579','9-(240)121-2756','0-(993)519-0009','jstanley@bluejam.biz','quam pharetra magna ac consequat metus sapien ut nunc vestibulum ante ipsum primis in faucibus','ACTIVO','2014-06-20 00:00:00','2014-06-26 00:00:00'),(75,'COMPRADOR','Katherine','Fernandez','Kimia','480-79-9442','4-(495)062-6031','0-(779)639-7195','kfernandez@agivu.net','non quam nec dui luctus rutrum nulla tellus in sagittis dui vel nisl duis ac','ACTIVO','2014-06-17 00:00:00','2014-03-24 00:00:00'),(76,'COMPRADOR','Joshua','Owens','LiveZ','458-32-4682','3-(945)902-3871','1-(906)992-9600','jowens@wordify.info','quam pede lobortis ligula sit amet eleifend pede libero quis orci nullam molestie nibh in lectus','ACTIVO','2013-09-11 00:00:00','2013-07-04 00:00:00'),(77,'COMPRADOR','Joan','Reed','Tagtune','491-59-7573','9-(055)569-3743','9-(280)504-5281','jreed@vinte.org','nulla nunc purus phasellus in felis donec semper sapien a libero nam dui proin leo odio porttitor id consequat in','ACTIVO','2013-07-13 00:00:00','2013-10-04 00:00:00'),(78,'COMPRADOR','Janet','Mitchell','Jaxworks','875-38-1778','8-(539)116-3088','6-(810)573-5855','jmitchell@eadel.biz','velit id pretium iaculis diam erat fermentum justo nec condimentum neque sapien placerat ante nulla justo aliquam quis','ACTIVO','2013-09-29 00:00:00','2013-12-06 00:00:00'),(79,'VENDEDOR','Jane','Greene','Oodoo','892-16-6817','5-(611)617-7621','6-(580)211-6235','jgreene@fivebridge.info','augue vestibulum ante ipsum primis in faucibus orci luctus et ultrices posuere cubilia curae donec','ACTIVO','2014-03-02 00:00:00','2014-05-01 00:00:00'),(80,'VENDEDOR','Wanda','Stewart','Muxo','298-06-6883','3-(953)161-7390','3-(551)648-3253','wstewart@skimia.com','massa tempor convallis nulla neque libero convallis eget eleifend luctus','ACTIVO','2014-06-10 00:00:00','2013-10-01 00:00:00'),(81,'COMPRADOR','Kimberly','Dixon','Blogspan','441-53-2816','5-(076)530-9653','0-(059)733-8454','kdixon@kaymbo.edu','morbi porttitor lorem id ligula suspendisse ornare consequat lectus in est risus auctor sed','ACTIVO','2013-08-12 00:00:00','2014-06-08 00:00:00'),(82,'COMPRADOR','Ruth','Walker','Leenti','675-62-1326','9-(146)190-9653','1-(395)829-0005','rwalker@fanoodle.name','quis lectus suspendisse potenti in eleifend quam a odio in hac','ACTIVO','2013-09-28 00:00:00','2014-05-22 00:00:00'),(83,'COMPRADOR','Michael','Duncan','Topicblab','570-51-3217','0-(230)969-5149','6-(344)774-3422','mduncan@mymm.org','ante vestibulum ante ipsum primis in faucibus orci luctus et ultrices','ACTIVO','2013-12-11 00:00:00','2014-04-23 00:00:00'),(84,'VENDEDOR','Sarah','Wagner','Topiczoom','903-13-3067','3-(031)472-5978','2-(673)900-0870','swagner@skyndu.name','sem duis aliquam convallis nunc proin at turpis a pede posuere nonummy integer non velit donec diam neque','ACTIVO','2014-03-31 00:00:00','2014-04-28 00:00:00'),(85,'COMPRADOR','Doris','Davis','Yakidoo','578-24-5054','6-(959)341-3395','4-(563)641-0107','ddavis@fiveclub.name','nunc nisl duis bibendum felis sed interdum venenatis turpis enim blandit mi in porttitor pede justo','ACTIVO','2013-08-03 00:00:00','2013-10-23 00:00:00'),(86,'COMPRADOR','Melissa','Warren','Eabox','274-28-2412','7-(035)934-6219','1-(828)554-1381','mwarren@fadeo.info','mauris laoreet ut rhoncus aliquet pulvinar sed nisl nunc rhoncus','ACTIVO','2014-06-23 00:00:00','2014-06-16 00:00:00'),(87,'VENDEDOR','Andrew','Alexander','Oyoyo','222-14-1474','3-(772)284-6146','6-(499)613-0566','aalexander@skiba.edu','maecenas tincidunt lacus at velit vivamus vel nulla eget eros elementum pellentesque quisque porta volutpat erat','ACTIVO','2014-06-02 00:00:00','2014-03-11 00:00:00'),(88,'VENDEDOR','Janice','Reyes','Realfire','266-26-0673','6-(791)087-3091','3-(997)235-9224','jreyes@digitube.edu','lectus pellentesque at nulla suspendisse potenti cras in purus eu magna vulputate luctus cum','ACTIVO','2014-05-05 00:00:00','2013-11-28 00:00:00'),(89,'VENDEDOR','Kathleen','Payne','Voonder','697-91-3347','1-(157)888-2292','7-(557)517-2338','kpayne@dablist.info','luctus et ultrices posuere cubilia curae donec pharetra magna vestibulum aliquet ultrices erat tortor','ACTIVO','2013-08-11 00:00:00','2013-10-20 00:00:00'),(90,'COMPRADOR','Irene','Perez','Rhycero','327-21-8204','7-(370)816-5215','4-(977)483-1849','iperez@skinder.org','in imperdiet et commodo vulputate justo in blandit ultrices enim lorem','ACTIVO','2014-02-17 00:00:00','2014-03-26 00:00:00'),(91,'VENDEDOR','Jerry','Smith','Jazzy','794-51-4219','9-(006)305-0867','0-(402)965-4027','jsmith@pixope.mil','potenti nullam porttitor lacus at turpis donec posuere metus vitae','ACTIVO','2014-03-25 00:00:00','2014-05-31 00:00:00'),(92,'COMPRADOR','Richard','West','Katz','771-21-6309','2-(577)739-8065','9-(828)928-1380','rwest@oyoloo.mil','at velit eu est congue elementum in hac habitasse platea dictumst morbi vestibulum velit id pretium iaculis diam erat','ACTIVO','2013-07-31 00:00:00','2013-11-24 00:00:00'),(93,'COMPRADOR','Samuel','Gray','Quinu','593-24-3517','9-(678)948-8975','2-(517)324-7363','sgray@thoughtstorm.com','est risus auctor sed tristique in tempus sit amet sem','ACTIVO','2014-02-14 00:00:00','2014-05-01 00:00:00'),(94,'VENDEDOR','Carlos','Wright','Dazzlesphere','366-64-4984','3-(112)575-2464','8-(405)285-0960','cwright@meejo.net','ut nunc vestibulum ante ipsum primis in faucibus orci luctus et ultrices posuere cubilia curae mauris viverra diam vitae quam','ACTIVO','2014-01-23 00:00:00','2014-03-03 00:00:00'),(95,'VENDEDOR','Jennifer','Garza','Vinder','165-54-0390','6-(657)344-9117','9-(518)358-6543','jgarza@youbridge.info','morbi odio odio elementum eu interdum eu tincidunt in leo maecenas pulvinar lobortis est phasellus sit amet','ACTIVO','2014-02-16 00:00:00','2014-02-11 00:00:00'),(96,'VENDEDOR','Willie','Flores','Plambee','492-61-2534','1-(810)892-2835','9-(595)383-3753','wflores@babbleblab.com','velit vivamus vel nulla eget eros elementum pellentesque quisque porta volutpat erat quisque','ACTIVO','2014-05-16 00:00:00','2013-08-31 00:00:00'),(97,'VENDEDOR','Stephanie','Torres','Feednation','595-25-4648','2-(398)444-8645','6-(710)876-4348','storres@chatterbridge.name','pede ullamcorper augue a suscipit nulla elit ac nulla sed vel enim sit amet nunc','ACTIVO','2013-08-11 00:00:00','2013-07-29 00:00:00'),(98,'VENDEDOR','Kelly','Oliver','Thoughtstorm','760-08-3466','4-(245)906-4064','4-(477)080-9725','koliver@tagpad.com','magna bibendum imperdiet nullam orci pede venenatis non sodales sed tincidunt','ACTIVO','2013-12-29 00:00:00','2013-07-12 00:00:00'),(99,'VENDEDOR','Arthur','Martin','Shuffletag','860-15-2767','5-(447)864-1028','4-(355)415-4346','amartin@riffwire.info','consequat varius integer ac leo pellentesque ultrices mattis odio donec vitae nisi','ACTIVO','2014-04-17 00:00:00','2013-12-08 00:00:00'),(100,'COMPRADOR','Virginia','Snyder','Livetube','974-00-8658','9-(804)348-8719','3-(347)210-7674','vsnyder@feedmix.edu','orci pede venenatis non sodales sed tincidunt eu felis fusce','ACTIVO','2014-04-22 00:00:00','2014-01-17 00:00:00');

#
# Data for table "cruge_authitem"
#

INSERT INTO `cruge_authitem` (`name`,`type`,`description`,`bizrule`,`data`) VALUES ('action_barrio_admin',0,'',NULL,'N;'),('action_barrio_create',0,'',NULL,'N;'),('action_barrio_update',0,'',NULL,'N;'),('action_ciudad_admin',0,'',NULL,'N;'),('action_ciudad_create',0,'',NULL,'N;'),('action_ciudad_delete',0,'',NULL,'N;'),('action_ciudad_update',0,'',NULL,'N;'),('action_cliente_admin',0,'',NULL,'N;'),('action_cliente_create',0,'',NULL,'N;'),('action_cliente_update',0,'',NULL,'N;'),('action_cliente_view',0,'',NULL,'N;'),('action_direccion_ajaxGetBarriosCiudad',0,'',NULL,'N;'),('action_direccion_ajaxGetCiudadesProvincia',0,'',NULL,'N;'),('action_inmuebleImagen_admin',0,'',NULL,'N;'),('action_inmuebleImagen_upload',0,'',NULL,'N;'),('action_inmuebleImagen_uploadTmp',0,'',NULL,'N;'),('action_inmueble_admin',0,'',NULL,'N;'),('action_inmueble_ajaxArrendar',0,'',NULL,'N;'),('action_inmueble_AjaxComprar',0,'',NULL,'N;'),('action_inmueble_ajaxReservar',0,'',NULL,'N;'),('action_inmueble_create',0,'',NULL,'N;'),('action_inmueble_delete',0,'',NULL,'N;'),('action_inmueble_error',0,'',NULL,'N;'),('action_inmueble_galery',0,'',NULL,'N;'),('action_inmueble_update',0,'',NULL,'N;'),('action_inmueble_view',0,'',NULL,'N;'),('action_provincia_admin',0,'',NULL,'N;'),('action_provincia_create',0,'',NULL,'N;'),('action_ui_editprofile',0,'',NULL,'N;'),('action_ui_rbacajaxsetchilditem',0,'',NULL,'N;'),('action_ui_rbacauthitemchilditems',0,'',NULL,'N;'),('action_ui_rbacauthitemcreate',0,'',NULL,'N;'),('action_ui_rbacauthitemupdate',0,'',NULL,'N;'),('action_ui_rbaclistroles',0,'',NULL,'N;'),('action_ui_rbacusersassignments',0,'',NULL,'N;'),('action_ui_systemupdate',0,'',NULL,'N;'),('action_ui_usermanagementadmin',0,'',NULL,'N;'),('action_ui_usermanagementcreate',0,'',NULL,'N;'),('admin',0,'',NULL,'N;'),('cliente',2,'','','N;'),('Cruge.ui.*',0,'',NULL,'N;'),('operador',2,'','','N;');

#
# Data for table "cruge_authitemchild"
#

INSERT INTO `cruge_authitemchild` (`parent`,`child`) VALUES ('cliente','action_cliente_view'),('cliente','action_inmueble_ajaxArrendar'),('cliente','action_inmueble_AjaxComprar'),('cliente','action_inmueble_ajaxReservar'),('cliente','action_inmueble_galery'),('cliente','action_inmueble_view'),('operador','action_cliente_admin'),('operador','action_cliente_create'),('operador','action_cliente_update'),('operador','action_cliente_view'),('operador','action_direccion_ajaxGetBarriosCiudad'),('operador','action_direccion_ajaxGetCiudadesProvincia'),('operador','action_inmuebleImagen_admin'),('operador','action_inmuebleImagen_upload'),('operador','action_inmuebleImagen_uploadTmp'),('operador','action_inmueble_admin'),('operador','action_inmueble_create'),('operador','action_inmueble_delete'),('operador','action_inmueble_error'),('operador','action_inmueble_galery'),('operador','action_inmueble_update'),('operador','action_inmueble_view');

#
# Data for table "cruge_field"
#


#
# Data for table "cruge_session"
#

INSERT INTO `cruge_session` (`idsession`,`iduser`,`created`,`expire`,`status`,`ipaddress`,`usagecount`,`lastusage`,`logoutdate`,`ipaddressout`) VALUES (50,1,1405660599,1405708599,0,'::1',1,1405660599,1405660661,'::1'),(51,3,1405660676,1405708676,0,'::1',1,1405660676,1405661019,'::1'),(52,4,1405661035,1405709035,0,'::1',1,1405661035,1405667739,'::1'),(53,3,1405667750,1405715750,0,'::1',1,1405667750,1405667790,'::1'),(54,1,1405667799,1405715799,0,'::1',1,1405667799,1405667816,'::1');

#
# Data for table "cruge_system"
#

INSERT INTO `cruge_system` (`idsystem`,`name`,`largename`,`sessionmaxdurationmins`,`sessionmaxsameipconnections`,`sessionreusesessions`,`sessionmaxsessionsperday`,`sessionmaxsessionsperuser`,`systemnonewsessions`,`systemdown`,`registerusingcaptcha`,`registerusingterms`,`terms`,`registerusingactivation`,`defaultroleforregistration`,`registerusingtermslabel`,`registrationonlogin`) VALUES (1,'default',NULL,800,10,1,-1,-1,0,0,0,0,NULL,0,'','',1);

#
# Data for table "cruge_user"
#

INSERT INTO `cruge_user` (`iduser`,`regdate`,`actdate`,`logondate`,`username`,`email`,`password`,`authkey`,`state`,`totalsessioncounter`,`currentsessioncounter`) VALUES (1,NULL,NULL,1405667799,'admin','armand1live@gmail.com','admin','admin',1,0,0),(2,1405649011,NULL,1405649651,'Operador','operador@gmail.com','123456','76ceef3feffb43ac835531c8f9facbe4',1,0,0),(3,1405649262,NULL,1405667751,'Cliente','cliente@gmail.com','123456','b13dad4f6823549daff5309ad1c4c7db',1,0,0),(4,1405649702,NULL,1405661035,'Operador2','operador2@gmail.com','123456','72928cbf3077e9a065b345cbf3e2af7d',1,0,0);

#
# Data for table "cruge_fieldvalue"
#


#
# Data for table "cruge_authassignment"
#

INSERT INTO `cruge_authassignment` (`userid`,`bizrule`,`data`,`itemname`) VALUES (2,NULL,'N;','operador'),(3,NULL,'N;','cliente'),(4,NULL,'N;','operador');

#
# Data for table "inmueble"
#

INSERT INTO `inmueble` (`id`,`cliente_propietario_id`,`cliente_negocio_id`,`estado`,`precio`,`estado_inmueble`,`fecha_publicacion`,`fecha_actualizacion`,`fecha_negocio`,`numero_habitacion`,`numero_banio`,`numero_garage`,`descripcion`) VALUES (15,7,NULL,'ACTIVO',90000.00,'DISPONIBLE','2014-07-18 01:56:35','2014-07-18 02:04:30',NULL,10,3,2,'Lorem ipsum dolor sit amet, consectetur adipiscing elit. Mauris vel enim non dolor ultricies bibendum eget a turpis. In nec arcu ac eros ornare viverra a eget mauris. Sed leo.'),(16,98,NULL,'ACTIVO',200000.00,'DISPONIBLE','2014-07-18 02:08:05',NULL,NULL,5,2,1,'Lorem ipsum dolor sit amet, consectetur adipiscing elit. Mauris vel enim non dolor ultricies bibendum eget a turpis. In nec arcu ac eros ornare viverra a eget mauris. Sed leo.'),(17,50,NULL,'ACTIVO',102000.00,'DISPONIBLE','2014-07-18 02:14:01',NULL,NULL,4,3,1,'Lorem ipsum dolor sit amet, consectetur adipiscing elit. Mauris vel enim non dolor ultricies bibendum eget a turpis. In nec arcu ac eros ornare viverra a eget mauris. Sed leo.');

#
# Data for table "inmueble_imagen"
#

INSERT INTO `inmueble_imagen` (`id`,`nombre`,`ruta`,`inmueble_id`) VALUES (40,'Frente.jpg','/SistemaInmobiliario/uploads/inmueble/15/14056666161206622027.jpg',15),(41,'Comedor.jpg','/SistemaInmobiliario/uploads/inmueble/15/1405666627621542473.jpg',15),(45,'Sala.jpg','/SistemaInmobiliario/uploads/inmueble/15/1405666851873265384.jpg',15),(46,'Dormitorio.jpg','/SistemaInmobiliario/uploads/inmueble/15/1405666944196041807.jpg',15),(47,'Baño.jpg','/SistemaInmobiliario/uploads/inmueble/15/1405667066593487666.jpg',15),(48,'Frente.jpg','/SistemaInmobiliario/uploads/inmueble/16/140566727593645375.jpg',16),(49,'Comedor.jpg','/SistemaInmobiliario/uploads/inmueble/16/14056672811270625759.jpg',16),(50,'Comedor2.jpg','/SistemaInmobiliario/uploads/inmueble/16/14056672811191651349.jpg',16),(51,'Dormitorio.jpg','/SistemaInmobiliario/uploads/inmueble/16/1405667281141733541.jpg',16),(52,'Sala.jpg','/SistemaInmobiliario/uploads/inmueble/16/14056672821135155262.jpg',16),(53,'Frente.jpg','/SistemaInmobiliario/uploads/inmueble/17/1405667630564060170.jpg',17),(54,'Baño.jpg','/SistemaInmobiliario/uploads/inmueble/17/14056676361107186331.jpg',17),(55,'Dormitorio1.jpg','/SistemaInmobiliario/uploads/inmueble/17/14056676371043311847.jpg',17),(56,'Dormitorio2.jpg','/SistemaInmobiliario/uploads/inmueble/17/1405667636591042746.jpg',17),(57,'Sala.jpg','/SistemaInmobiliario/uploads/inmueble/17/1405667637856578716.jpg',17);

#
# Data for table "provincia"
#

INSERT INTO `provincia` (`id`,`nombre`) VALUES (1,'Manitoba'),(2,'Newfoundland and Labrador'),(3,'Quebec'),(4,'Alberta'),(5,'Yukon'),(6,'Newfoundland and Labrador'),(7,'Saskatchewan'),(8,'Ontario'),(9,'Prince Edward Island'),(10,'Nova Scotia'),(11,'New Brunswick'),(12,'Ontario'),(13,'Nova Scotia'),(14,'New Brunswick'),(15,'British Columbia'),(16,'Nova Scotia'),(17,'New Brunswick'),(18,'Nova Scotia'),(19,'Yukon'),(20,'Alberta');

#
# Data for table "ciudad"
#

INSERT INTO `ciudad` (`id`,`nombre`,`provincia_id`) VALUES (1,'Fullerton',10),(2,'Woodland',7),(3,'Pacific Grove',2),(4,'Bishop',13),(5,'San Joaquin',13),(6,'Duarte',4),(7,'Rialto',6),(8,'Maywood',6),(9,'Gridley',16),(10,'Tustin',16),(11,'Calistoga',10),(12,'Temecula',3),(13,'Willits',16),(14,'Montague',20),(15,'Santa Clarita',1),(16,'Avalon',6),(17,'San Fernando',18),(18,'Rancho Cucamonga',3),(19,'Corcoran',17),(20,'Isleton',6),(21,'Westmorland',6),(22,'Artesia',17),(23,'Fort Bragg',5),(24,'Lompoc',18),(25,'Paramount',6),(26,'Patterson',11),(27,'Ukiah',8),(28,'Solvang',13),(29,'Ripon',2),(30,'Susanville',15),(31,'Ukiah',1),(32,'Fairfax',11),(33,'Santa Rosa',14),(34,'Atwater',18),(35,'Escalon',13),(36,'Fountain Valley',8),(37,'Orange Cove',14),(38,'San Carlos',5),(39,'Palo Alto',14),(40,'Rancho Santa Margarita',7),(41,'Coalinga',7),(42,'Mission Viejo',13),(43,'Richmond',11),(44,'South El Monte',7),(45,'Windsor',14),(46,'Hillsborough',13),(47,'Loma Linda',4),(48,'Milpitas',5),(49,'Newark',4),(50,'Lakewood',19),(51,'Rohnert Park',10),(52,'Selma',13),(53,'Fillmore',9),(54,'Oxnard',19),(55,'Monte Sereno',5),(56,'Fowler',8),(57,'Sanger',13),(58,'El Segundo',5),(59,'Monrovia',19),(60,'Solvang',20),(61,'Fremont',7),(62,'National City',9),(63,'Ione',6),(64,'Barstow',4),(65,'Paso Robles',15),(66,'Cloverdale',2),(67,'Escondido',5),(68,'El Cerrito',18),(69,'Atascadero',4),(70,'Rancho Santa Margarita',20),(71,'Merced',12),(72,'Yucaipa',8),(73,'Eureka',1),(74,'Paramount',5),(75,'Rolling Hills',1),(76,'San Dimas',6),(77,'Rio Vista',13),(78,'Pittsburg',1),(79,'Emeryville',9),(80,'Patterson',20),(81,'Mount Shasta',5),(82,'La Palma',3),(83,'Shafter',18),(84,'Coronado',9),(85,'Chico',11),(86,'Parlier',1),(87,'Gilroy',20),(88,'San Juan Capistrano',18),(89,'Rancho Santa Margarita',17),(90,'Vacaville',2),(91,'Rancho Cucamonga',10),(92,'Shasta Lake',17),(93,'Sutter Creek',17),(94,'Dunsmuir',11),(95,'Banning',16),(96,'San Diego',15),(97,'Hermosa Beach',18),(98,'Delano',16),(99,'Barstow',20),(100,'Rolling Hills',8);

#
# Data for table "barrio"
#

INSERT INTO `barrio` (`id`,`nombre`,`ciudad_id`) VALUES (1,'Vermont',41),(2,'Utah',2),(3,'New Mexico',19),(4,'Pennsylvania',92),(5,'Washington',2),(6,'Maine',95),(7,'Maryland',18),(8,'Michigan',14),(9,'Louisiana',24),(10,'Oklahoma',13),(11,'Tennessee',86),(12,'West Virginia',35),(13,'Washington',9),(14,'Oregon',74),(15,'Rhode Island',20),(16,'Michigan',42),(17,'Oklahoma',81),(18,'New Jersey',30),(19,'Pennsylvania',31),(20,'Virginia',95),(21,'Kentucky',87),(22,'North Carolina',98),(23,'Hawaii',31),(24,'Georgia',57),(25,'Washington',3),(26,'Tennessee',40),(27,'Kansas',81),(28,'New Jersey',52),(29,'Wyoming',93),(30,'Hawaii',17),(31,'Pennsylvania',35),(32,'Michigan',59),(33,'New Mexico',66),(34,'Massachusetts',1),(35,'Florida',88),(36,'Arkansas',44),(37,'Virginia',41),(38,'Texas',75),(39,'Minnesota',8),(40,'Delaware',28),(41,'Kansas',55),(42,'Connecticut',16),(43,'Louisiana',66),(44,'Wyoming',53),(45,'Utah',90),(46,'New Mexico',80),(47,'Ohio',24),(48,'New York',7),(49,'Vermont',11),(50,'Minnesota',99),(51,'Rhode Island',60),(52,'Arizona',44),(53,'Wyoming',59),(54,'Idaho',48),(55,'Florida',14),(56,'Kentucky',87),(57,'North Dakota',6),(58,'Vermont',64),(59,'North Dakota',71),(60,'Georgia',100),(61,'Pennsylvania',85),(62,'Illinois',25),(63,'Mississippi',60),(64,'Mississippi',43),(65,'Washington',23),(66,'Montana',81),(67,'Michigan',8),(68,'Delaware',10),(69,'Arizona',10),(70,'West Virginia',78),(71,'Kansas',64),(72,'Oklahoma',8),(73,'Florida',4),(74,'South Dakota',80),(75,'Oregon',27),(76,'New York',16),(77,'Rhode Island',73),(78,'Ohio',19),(79,'Idaho',13),(80,'Wyoming',52),(81,'Pennsylvania',96),(82,'Nevada',87),(83,'New Hampshire',69),(84,'Michigan',70),(85,'Nevada',48),(86,'Texas',89),(87,'South Carolina',70),(88,'Wisconsin',80),(89,'Missouri',35),(90,'New York',78),(91,'Maryland',74),(92,'Virginia',40),(93,'New Hampshire',90),(94,'California',73),(95,'Ohio',16),(96,'New York',38),(97,'Utah',10),(98,'Michigan',95),(99,'Wisconsin',49),(100,'California',76),(101,'Kentucky',29),(102,'Alaska',98),(103,'Texas',27),(104,'Tennessee',97),(105,'Maine',83),(106,'Arizona',38),(107,'Kentucky',31),(108,'Arizona',93),(109,'Nebraska',43),(110,'Utah',16),(111,'Iowa',36),(112,'Iowa',43),(113,'New Jersey',40),(114,'California',79),(115,'Vermont',87),(116,'North Dakota',92),(117,'Indiana',4),(118,'Michigan',26),(119,'Idaho',77),(120,'Idaho',18),(121,'Ohio',42),(122,'Colorado',18),(123,'Louisiana',96),(124,'Rhode Island',60),(125,'Idaho',43),(126,'Nebraska',35),(127,'North Carolina',67),(128,'Montana',69),(129,'Iowa',90),(130,'Minnesota',1),(131,'Wisconsin',67),(132,'Arkansas',85),(133,'Wisconsin',64),(134,'South Dakota',59),(135,'Texas',66),(136,'Wyoming',3),(137,'Rhode Island',85),(138,'Tennessee',79),(139,'New Jersey',44),(140,'Arizona',55),(141,'Mississippi',8),(142,'Alabama',31),(143,'New Hampshire',26),(144,'Alabama',30),(145,'South Dakota',90),(146,'Maryland',80),(147,'Indiana',26),(148,'Virginia',31),(149,'Oregon',62),(150,'North Carolina',16),(151,'Oklahoma',16),(152,'Montana',100),(153,'Massachusetts',80),(154,'Colorado',65),(155,'Nebraska',55),(156,'Massachusetts',59),(157,'Wyoming',67),(158,'Kentucky',19),(159,'Washington',32),(160,'Pennsylvania',80),(161,'Vermont',35),(162,'Michigan',66),(163,'Vermont',62),(164,'Massachusetts',89),(165,'Wyoming',55),(166,'Florida',35),(167,'Oregon',57),(168,'North Carolina',10),(169,'Vermont',80),(170,'Indiana',7),(171,'North Carolina',9),(172,'Minnesota',37),(173,'Iowa',76),(174,'Nebraska',15),(175,'Minnesota',7),(176,'New Hampshire',63),(177,'Washington',49),(178,'Tennessee',54),(179,'Iowa',31),(180,'New Hampshire',79),(181,'Mississippi',82),(182,'South Carolina',97),(183,'Iowa',37),(184,'Connecticut',63),(185,'New York',50),(186,'Wisconsin',82),(187,'Texas',78),(188,'Illinois',88),(189,'Rhode Island',59),(190,'Idaho',17),(191,'Alaska',35),(192,'North Carolina',54),(193,'Rhode Island',62),(194,'Michigan',18),(195,'Minnesota',70),(196,'Maryland',39),(197,'Oregon',94),(198,'Alaska',59),(199,'Hawaii',28),(200,'New Mexico',7),(201,'New Mexico',13),(202,'Alabama',84),(203,'South Dakota',88),(204,'California',5),(205,'Rhode Island',65),(206,'Iowa',73),(207,'Maine',48),(208,'Georgia',33),(209,'South Dakota',21),(210,'Minnesota',29),(211,'Massachusetts',32),(212,'Alabama',15),(213,'Maryland',72),(214,'Oklahoma',34),(215,'Alaska',87),(216,'Arizona',28),(217,'North Dakota',64),(218,'California',22),(219,'Washington',47),(220,'South Dakota',100),(221,'Idaho',4),(222,'North Dakota',14),(223,'Montana',55),(224,'Arkansas',43),(225,'Oklahoma',9),(226,'Tennessee',90),(227,'Nebraska',17),(228,'Kansas',64),(229,'Maine',31),(230,'New Hampshire',99),(231,'Wyoming',32),(232,'Rhode Island',95),(233,'Wisconsin',98),(234,'New Hampshire',14),(235,'Ohio',36),(236,'Maine',86),(237,'Ohio',55),(238,'Pennsylvania',73),(239,'Alaska',90),(240,'Illinois',43),(241,'California',14),(242,'North Carolina',19),(243,'Delaware',81),(244,'Texas',99),(245,'New Jersey',56),(246,'Minnesota',75),(247,'North Dakota',24),(248,'California',29),(249,'Oregon',82),(250,'Vermont',59),(251,'Missouri',100),(252,'Mississippi',93),(253,'Massachusetts',30),(254,'Louisiana',82),(255,'Alaska',67),(256,'Connecticut',73),(257,'Rhode Island',40),(258,'Missouri',13),(259,'Virginia',5),(260,'Vermont',25),(261,'Virginia',31),(262,'Utah',55),(263,'Hawaii',63),(264,'Montana',100),(265,'Hawaii',59),(266,'West Virginia',38),(267,'Illinois',60),(268,'Virginia',32),(269,'West Virginia',54),(270,'Idaho',66),(271,'Utah',69),(272,'Ohio',39),(273,'Kansas',56),(274,'Missouri',77),(275,'Illinois',41),(276,'South Carolina',78),(277,'Nevada',44),(278,'South Carolina',38),(279,'Colorado',44),(280,'Florida',39),(281,'Nebraska',76),(282,'Texas',26),(283,'Florida',82),(284,'Colorado',90),(285,'Montana',89),(286,'Arizona',71),(287,'Wyoming',61),(288,'Arkansas',33),(289,'Pennsylvania',68),(290,'South Carolina',42),(291,'Oklahoma',5),(292,'Missouri',44),(293,'Michigan',62),(294,'Alaska',94),(295,'Maine',99),(296,'South Dakota',30),(297,'Louisiana',4),(298,'North Dakota',46),(299,'Nebraska',81),(300,'Virginia',38),(301,'Arkansas',63),(302,'Connecticut',71),(303,'Arkansas',46),(304,'Oklahoma',15),(305,'Wyoming',70),(306,'Indiana',7),(307,'Mississippi',83),(308,'Indiana',43),(309,'Maine',36),(310,'Virginia',25),(311,'Arizona',57),(312,'South Carolina',16),(313,'Vermont',67),(314,'Delaware',46),(315,'New York',97),(316,'Missouri',67),(317,'Ohio',71),(318,'New York',55),(319,'Texas',23),(320,'Missouri',86),(321,'Virginia',84),(322,'North Carolina',10),(323,'Oregon',80),(324,'Texas',32),(325,'Mississippi',10),(326,'Illinois',45),(327,'Tennessee',24),(328,'Arkansas',41),(329,'South Carolina',67),(330,'North Carolina',100),(331,'Idaho',19),(332,'Connecticut',70),(333,'Montana',52),(334,'Washington',48),(335,'New Jersey',15),(336,'Georgia',27),(337,'Arkansas',45),(338,'Maine',63),(339,'Idaho',54),(340,'Pennsylvania',59),(341,'Alaska',9),(342,'Wisconsin',89),(343,'New Hampshire',52),(344,'California',10),(345,'Nevada',26),(346,'Montana',43),(347,'Florida',10),(348,'Maryland',7),(349,'West Virginia',95),(350,'Oregon',75),(351,'New York',59),(352,'Nevada',56),(353,'North Carolina',81),(354,'South Dakota',52),(355,'Alabama',25),(356,'Maine',4),(357,'Missouri',63),(358,'Maine',46),(359,'Wisconsin',70),(360,'Oregon',31),(361,'Indiana',27),(362,'New Mexico',64),(363,'Connecticut',34),(364,'Vermont',68),(365,'Ohio',34),(366,'Minnesota',3),(367,'Wyoming',63),(368,'Illinois',81),(369,'Alabama',12),(370,'New Mexico',41),(371,'Minnesota',59),(372,'Ohio',83),(373,'California',91),(374,'Wyoming',34),(375,'Montana',50),(376,'Montana',3),(377,'Wisconsin',35),(378,'Connecticut',70),(379,'Florida',53),(380,'Hawaii',28),(381,'West Virginia',55),(382,'Mississippi',78),(383,'South Carolina',70),(384,'Arizona',82),(385,'Massachusetts',35),(386,'Wisconsin',72),(387,'New Jersey',71),(388,'Florida',42),(389,'New Mexico',71),(390,'Wyoming',49),(391,'South Dakota',77),(392,'West Virginia',25),(393,'Wyoming',28),(394,'Georgia',13),(395,'New Mexico',75),(396,'Michigan',3),(397,'Montana',87),(398,'Ohio',94),(399,'Georgia',35),(400,'Pennsylvania',65),(401,'Virginia',3),(402,'Maine',67),(403,'Mississippi',78),(404,'Missouri',10),(405,'Hawaii',94),(406,'Maine',53),(407,'Nebraska',44),(408,'Delaware',56),(409,'New Jersey',15),(410,'Nevada',98),(411,'Alaska',68),(412,'California',31),(413,'Mississippi',17),(414,'Maryland',71),(415,'Maine',92),(416,'New Mexico',8),(417,'Oregon',67),(418,'Florida',34),(419,'North Carolina',29),(420,'Ohio',71),(421,'Kansas',53),(422,'Idaho',94),(423,'Tennessee',52),(424,'Kentucky',36),(425,'Hawaii',90),(426,'California',16),(427,'Maine',86),(428,'South Carolina',31),(429,'New York',74),(430,'Kentucky',74),(431,'Kentucky',27),(432,'Nevada',36),(433,'Missouri',50),(434,'New Jersey',62),(435,'Idaho',63),(436,'Colorado',18),(437,'Pennsylvania',11),(438,'West Virginia',63),(439,'Ohio',44),(440,'Colorado',77),(441,'Pennsylvania',30),(442,'Washington',47),(443,'Missouri',78),(444,'West Virginia',63),(445,'Delaware',46),(446,'Oregon',10),(447,'Kansas',46),(448,'Minnesota',54),(449,'West Virginia',74),(450,'Indiana',75),(451,'Hawaii',81),(452,'Nebraska',97),(453,'West Virginia',48),(454,'Oregon',95),(455,'California',7),(456,'Maine',46),(457,'Arkansas',93),(458,'Delaware',47),(459,'South Dakota',56),(460,'Wyoming',45),(461,'Louisiana',44),(462,'Texas',58),(463,'Delaware',9),(464,'South Dakota',56),(465,'Utah',10),(466,'Montana',28),(467,'Minnesota',83),(468,'West Virginia',52),(469,'Florida',83),(470,'Vermont',49),(471,'Rhode Island',68),(472,'West Virginia',97),(473,'West Virginia',6),(474,'Arizona',80),(475,'Illinois',23),(476,'Minnesota',95),(477,'Florida',43),(478,'Wisconsin',48),(479,'Pennsylvania',98),(480,'New Jersey',84),(481,'Nebraska',73),(482,'Michigan',9),(483,'New Jersey',15),(484,'Texas',10),(485,'Ohio',77),(486,'New Mexico',67),(487,'Arizona',60),(488,'Virginia',92),(489,'Illinois',14),(490,'West Virginia',84),(491,'Rhode Island',94),(492,'Hawaii',94),(493,'Iowa',69),(494,'Nevada',44),(495,'Georgia',64),(496,'Rhode Island',49),(497,'Oregon',4),(498,'Alaska',55),(499,'Michigan',44),(500,'Maine',27),(501,'Alabama',53),(502,'South Carolina',52),(503,'Alabama',35),(504,'New Jersey',27),(505,'West Virginia',76),(506,'Maine',46),(507,'Maryland',23),(508,'Nebraska',6),(509,'Michigan',31),(510,'Hawaii',89),(511,'Alaska',71),(512,'Kansas',4),(513,'South Carolina',55),(514,'New Jersey',87),(515,'Michigan',7),(516,'Delaware',73),(517,'New York',85),(518,'Hawaii',45),(519,'Pennsylvania',78),(520,'Hawaii',11),(521,'Nevada',82),(522,'North Carolina',57),(523,'Colorado',87),(524,'Alabama',45),(525,'Maryland',50),(526,'Hawaii',39),(527,'Connecticut',16),(528,'Iowa',31),(529,'Alabama',63),(530,'Wisconsin',44),(531,'Kansas',52),(532,'Utah',78),(533,'Michigan',42),(534,'New York',75),(535,'Missouri',30),(536,'Iowa',74),(537,'Colorado',7),(538,'Missouri',4),(539,'Missouri',35),(540,'Louisiana',33),(541,'Arizona',98),(542,'West Virginia',80),(543,'Oregon',65),(544,'Oregon',19),(545,'California',5),(546,'Indiana',62),(547,'South Carolina',20),(548,'South Dakota',3),(549,'New Hampshire',79),(550,'Alaska',23),(551,'Washington',1),(552,'Georgia',18),(553,'Kentucky',20),(554,'New Jersey',5),(555,'Ohio',50),(556,'South Dakota',89),(557,'Delaware',53),(558,'Maine',21),(559,'New Hampshire',86),(560,'Maine',40),(561,'Massachusetts',14),(562,'Tennessee',60),(563,'North Dakota',32),(564,'Michigan',18),(565,'Arkansas',84),(566,'New Mexico',45),(567,'Vermont',93),(568,'Illinois',35),(569,'Missouri',32),(570,'North Dakota',50),(571,'Massachusetts',1),(572,'Louisiana',63),(573,'Indiana',37),(574,'South Carolina',50),(575,'North Carolina',21),(576,'New Mexico',33),(577,'Maryland',4),(578,'West Virginia',33),(579,'Montana',82),(580,'Maine',14),(581,'Vermont',87),(582,'Illinois',88),(583,'New Jersey',44),(584,'New York',52),(585,'Arkansas',85),(586,'Illinois',71),(587,'Alaska',45),(588,'Wisconsin',33),(589,'Wyoming',53),(590,'Washington',12),(591,'West Virginia',37),(592,'New Jersey',33),(593,'Tennessee',85),(594,'Florida',4),(595,'Vermont',33),(596,'Texas',7),(597,'Utah',87),(598,'Wisconsin',18),(599,'New Hampshire',87),(600,'South Dakota',55),(601,'Virginia',74),(602,'North Dakota',32),(603,'Missouri',45),(604,'Florida',92),(605,'Mississippi',32),(606,'Maryland',54),(607,'Connecticut',52),(608,'Florida',99),(609,'Nevada',9),(610,'Iowa',74),(611,'New Mexico',23),(612,'California',13),(613,'Hawaii',72),(614,'Florida',30),(615,'California',26),(616,'Alaska',20),(617,'Minnesota',34),(618,'Rhode Island',43),(619,'Utah',17),(620,'Nebraska',13),(621,'Michigan',74),(622,'South Carolina',9),(623,'Montana',66),(624,'Minnesota',29),(625,'Alaska',74),(626,'Indiana',15),(627,'Massachusetts',17),(628,'Florida',59),(629,'Alaska',59),(630,'South Carolina',66),(631,'North Dakota',28),(632,'Florida',65),(633,'Mississippi',88),(634,'Idaho',7),(635,'Maine',64),(636,'Nebraska',14),(637,'Nebraska',49),(638,'Hawaii',49),(639,'Louisiana',2),(640,'Arkansas',69),(641,'Arkansas',93),(642,'Colorado',69),(643,'Tennessee',44),(644,'Delaware',74),(645,'Idaho',55),(646,'North Dakota',100),(647,'Nevada',22),(648,'Delaware',36),(649,'Texas',12),(650,'Florida',96),(651,'North Carolina',37),(652,'New Hampshire',15),(653,'Iowa',87),(654,'Michigan',77),(655,'South Dakota',53),(656,'Nebraska',69),(657,'California',7),(658,'Nevada',70),(659,'Washington',22),(660,'Washington',57),(661,'New York',74),(662,'New Hampshire',45),(663,'Arizona',89),(664,'Missouri',22),(665,'Ohio',4),(666,'Oregon',97),(667,'North Carolina',76),(668,'North Carolina',52),(669,'Massachusetts',89),(670,'Washington',92),(671,'Delaware',40),(672,'Alaska',48),(673,'West Virginia',31),(674,'Arkansas',41),(675,'Alaska',82),(676,'Michigan',76),(677,'South Carolina',71),(678,'North Dakota',90),(679,'Oklahoma',4),(680,'Massachusetts',82),(681,'South Carolina',30),(682,'Wisconsin',24),(683,'Iowa',15),(684,'Tennessee',65),(685,'Florida',29),(686,'Kentucky',57),(687,'Oklahoma',26),(688,'Wisconsin',53),(689,'Colorado',86),(690,'Louisiana',60),(691,'Colorado',85),(692,'Wisconsin',14),(693,'Florida',8),(694,'Alaska',99),(695,'New York',45),(696,'Mississippi',72),(697,'Mississippi',15),(698,'Pennsylvania',44),(699,'Hawaii',47),(700,'Delaware',75),(701,'Indiana',21),(702,'Washington',52),(703,'Montana',74),(704,'Texas',80),(705,'Illinois',99),(706,'Oklahoma',19),(707,'Connecticut',16),(708,'Florida',89),(709,'Minnesota',60),(710,'Hawaii',10),(711,'Iowa',32),(712,'New Jersey',80),(713,'Michigan',42),(714,'South Dakota',26),(715,'Georgia',42),(716,'Texas',60),(717,'North Carolina',9),(718,'Oklahoma',41),(719,'Louisiana',94),(720,'North Carolina',3),(721,'Louisiana',48),(722,'Delaware',34),(723,'New York',86),(724,'Florida',1),(725,'Nevada',55),(726,'Illinois',17),(727,'Nevada',94),(728,'Missouri',20),(729,'Kansas',46),(730,'Kansas',35),(731,'Oregon',56),(732,'South Carolina',79),(733,'Illinois',24),(734,'Oklahoma',37),(735,'Kentucky',18),(736,'Nevada',13),(737,'Wisconsin',29),(738,'Vermont',89),(739,'Montana',30),(740,'Massachusetts',82),(741,'Delaware',78),(742,'Georgia',90),(743,'Kansas',93),(744,'Indiana',65),(745,'South Carolina',89),(746,'Alabama',90),(747,'Connecticut',8),(748,'Delaware',16),(749,'Massachusetts',70),(750,'Rhode Island',7),(751,'Maine',82),(752,'North Dakota',47),(753,'Ohio',81),(754,'South Dakota',44),(755,'New York',44),(756,'Kentucky',56),(757,'California',23),(758,'Ohio',85),(759,'Ohio',80),(760,'Nevada',84),(761,'New Hampshire',73),(762,'Missouri',83),(763,'Montana',10),(764,'Pennsylvania',2),(765,'Iowa',100),(766,'Texas',11),(767,'Kentucky',3),(768,'Minnesota',14),(769,'Texas',11),(770,'Oklahoma',40),(771,'Oklahoma',96),(772,'Nevada',99),(773,'Michigan',93),(774,'South Dakota',92),(775,'Iowa',85),(776,'Nebraska',40),(777,'New Hampshire',23),(778,'Delaware',55),(779,'Idaho',73),(780,'Arizona',38),(781,'Montana',28),(782,'Connecticut',23),(783,'Nevada',97),(784,'Kansas',13),(785,'Oklahoma',61),(786,'New Jersey',82),(787,'Illinois',60),(788,'Pennsylvania',1),(789,'Oklahoma',3),(790,'Wisconsin',36),(791,'Arizona',10),(792,'Minnesota',17),(793,'Wisconsin',15),(794,'Vermont',77),(795,'Indiana',24),(796,'Oklahoma',9),(797,'South Carolina',46),(798,'Wisconsin',35),(799,'Georgia',74),(800,'Colorado',10),(801,'Iowa',58),(802,'Michigan',74),(803,'Oklahoma',76),(804,'Florida',98),(805,'Georgia',79),(806,'South Carolina',43),(807,'Alabama',76),(808,'Ohio',59),(809,'Michigan',50),(810,'Oregon',60),(811,'Arkansas',44),(812,'Ohio',88),(813,'Delaware',17),(814,'New Hampshire',48),(815,'Oregon',37),(816,'New Hampshire',79),(817,'Iowa',91),(818,'Iowa',21),(819,'Oklahoma',18),(820,'Wyoming',4),(821,'Connecticut',60),(822,'New Mexico',26),(823,'Rhode Island',66),(824,'Vermont',98),(825,'Tennessee',37),(826,'Wyoming',66),(827,'New Hampshire',82),(828,'Montana',60),(829,'Arizona',9),(830,'Arizona',67),(831,'Wyoming',1),(832,'Alaska',9),(833,'Pennsylvania',71),(834,'Nebraska',12),(835,'Montana',55),(836,'West Virginia',88),(837,'Oklahoma',77),(838,'Utah',67),(839,'South Carolina',5),(840,'Wisconsin',14),(841,'Montana',67),(842,'Idaho',6),(843,'Minnesota',30),(844,'Colorado',68),(845,'Louisiana',9),(846,'West Virginia',81),(847,'Kansas',58),(848,'Connecticut',15),(849,'West Virginia',3),(850,'Missouri',22),(851,'Mississippi',37),(852,'Arkansas',73),(853,'Indiana',52),(854,'Oklahoma',67),(855,'Michigan',95),(856,'Arkansas',11),(857,'South Dakota',27),(858,'Montana',68),(859,'West Virginia',16),(860,'South Dakota',93),(861,'West Virginia',15),(862,'Mississippi',83),(863,'Colorado',13),(864,'Minnesota',95),(865,'Montana',72),(866,'Alabama',5),(867,'Kentucky',35),(868,'Missouri',57),(869,'Ohio',16),(870,'Wisconsin',84),(871,'Alaska',24),(872,'Kentucky',86),(873,'Florida',18),(874,'Idaho',66),(875,'Maryland',29),(876,'Illinois',44),(877,'Pennsylvania',65),(878,'Maryland',62),(879,'Nevada',1),(880,'Hawaii',27),(881,'New Mexico',65),(882,'Indiana',88),(883,'Washington',27),(884,'South Dakota',96),(885,'Tennessee',46),(886,'Utah',85),(887,'Montana',28),(888,'South Dakota',22),(889,'Wyoming',33),(890,'New Jersey',68),(891,'New York',24),(892,'Colorado',97),(893,'Tennessee',62),(894,'Massachusetts',54),(895,'Indiana',93),(896,'Alabama',9),(897,'Mississippi',31),(898,'Illinois',13),(899,'New Hampshire',92),(900,'Alaska',49),(901,'Utah',18),(902,'Nebraska',52),(903,'Idaho',81),(904,'Illinois',55),(905,'Hawaii',32),(906,'Florida',38),(907,'Wyoming',25),(908,'North Carolina',54),(909,'Massachusetts',60),(910,'Minnesota',64),(911,'Tennessee',33),(912,'Washington',25),(913,'Alabama',68),(914,'Illinois',48),(915,'Colorado',80),(916,'Idaho',91),(917,'New York',15),(918,'Washington',60),(919,'Vermont',39),(920,'Nevada',82),(921,'Kansas',96),(922,'Michigan',2),(923,'Nevada',3),(924,'Nevada',89),(925,'Montana',99),(926,'North Carolina',38),(927,'Vermont',21),(928,'Arizona',32),(929,'Washington',94),(930,'California',100),(931,'North Dakota',52),(932,'Missouri',2),(933,'Alabama',92),(934,'Wisconsin',66),(935,'Maryland',81),(936,'Alaska',68),(937,'Michigan',56),(938,'Pennsylvania',83),(939,'Hawaii',45),(940,'Iowa',88),(941,'New Hampshire',61),(942,'Montana',97),(943,'Idaho',43),(944,'Arkansas',60),(945,'Pennsylvania',35),(946,'Arkansas',50),(947,'Missouri',38),(948,'Alaska',8),(949,'Missouri',42),(950,'Delaware',89),(951,'Arkansas',39),(952,'Kansas',43),(953,'Utah',92),(954,'Florida',7),(955,'Hawaii',61),(956,'South Dakota',25),(957,'Iowa',77),(958,'New Hampshire',89),(959,'Iowa',98),(960,'Rhode Island',93),(961,'Tennessee',9),(962,'Rhode Island',62),(963,'Alabama',24),(964,'Colorado',14),(965,'Tennessee',53),(966,'Minnesota',49),(967,'South Carolina',18),(968,'Louisiana',38),(969,'Rhode Island',40),(970,'Connecticut',93),(971,'Connecticut',61),(972,'Rhode Island',34),(973,'Arkansas',60),(974,'New Jersey',32),(975,'New York',70),(976,'Kansas',24),(977,'South Carolina',20),(978,'North Carolina',5),(979,'Tennessee',54),(980,'Wisconsin',84),(981,'New Jersey',52),(982,'Mississippi',14),(983,'Michigan',75),(984,'New York',43),(985,'Georgia',53),(986,'Idaho',35),(987,'Delaware',24),(988,'North Dakota',10),(989,'Nebraska',38),(990,'Maine',37),(991,'West Virginia',55),(992,'North Carolina',88),(993,'New Jersey',32),(994,'Connecticut',49),(995,'New Jersey',70),(996,'North Dakota',29),(997,'Washington',31),(998,'Arkansas',85),(999,'Arkansas',63),(1000,'Massachusetts',2);

#
# Data for table "direccion"
#

INSERT INTO `direccion` (`id`,`entidad_id`,`calle_1`,`calle_2`,`numero`,`referencia`,`barrio_id`,`ciudad_id`,`entidad_tipo`) VALUES (1,1,'Haas','Browning','97','vitae ipsum aliquam non mauris morbi non lectus aliquam sit amet diam in magna bibendum imperdiet nullam orci pede',94,73,'cliente'),(2,2,'Corscot','Melody','53396','etiam pretium iaculis justo in hac habitasse platea dictumst etiam faucibus cursus urna ut tellus nulla ut erat id mauris',NULL,NULL,'cliente'),(3,3,'Dawn','Carpenter','356','pulvinar lobortis est phasellus sit amet erat nulla tempus vivamus in felis eu sapien cursus vestibulum',NULL,NULL,'cliente'),(4,4,'Sycamore','Laurel','94','purus aliquet at feugiat non pretium quis lectus suspendisse potenti in eleifend quam a',NULL,NULL,'cliente'),(5,5,'Porter','Steensland','29439','luctus rutrum nulla tellus in sagittis dui vel nisl duis ac nibh fusce lacus purus',NULL,NULL,'cliente'),(6,6,'Armistice','Thackeray','11311','nulla tempus vivamus in felis eu sapien cursus vestibulum proin',NULL,NULL,'cliente'),(7,7,'Burning Wood','Hagan','2','at lorem integer tincidunt ante vel ipsum praesent blandit lacinia erat vestibulum sed magna',NULL,NULL,'cliente'),(8,8,'Prairie Rose','Arkansas','67','mattis egestas metus aenean fermentum donec ut mauris eget massa tempor convallis nulla neque libero convallis eget',NULL,NULL,'cliente'),(9,9,'Rigney','Dorton','20','iaculis diam erat fermentum justo nec condimentum neque sapien placerat ante nulla justo aliquam',NULL,NULL,'cliente'),(10,10,'Charing Cross','Karstens','0927','sapien a libero nam dui proin leo odio porttitor id consequat in consequat ut nulla sed accumsan',NULL,NULL,'cliente'),(11,11,'Scott','Holy Cross','54','vulputate vitae nisl aenean lectus pellentesque eget nunc donec quis orci eget orci vehicula condimentum curabitur in libero',NULL,NULL,'cliente'),(12,12,'Schiller','Hudson','70743','enim lorem ipsum dolor sit amet consectetuer adipiscing elit proin interdum mauris non ligula pellentesque ultrices phasellus id sapien in',NULL,NULL,'cliente'),(13,13,'Anniversary','Hovde','7','libero quis orci nullam molestie nibh in lectus pellentesque at nulla',NULL,NULL,'cliente'),(14,14,'Grim','Granby','69','sapien sapien non mi integer ac neque duis bibendum morbi non quam nec dui luctus',NULL,NULL,'cliente'),(15,15,'Fallview','Merry','864','aliquam sit amet diam in magna bibendum imperdiet nullam orci pede venenatis non sodales sed',NULL,NULL,'cliente'),(16,16,'Golf','Grasskamp','39093','platea dictumst morbi vestibulum velit id pretium iaculis diam erat fermentum justo nec',NULL,NULL,'cliente'),(17,17,'Mcbride','Arkansas','1865','curae duis faucibus accumsan odio curabitur convallis duis consequat dui nec nisi volutpat eleifend donec',NULL,NULL,'cliente'),(18,18,'Nevada','Steensland','47','fusce posuere felis sed lacus morbi sem mauris laoreet ut rhoncus aliquet pulvinar sed nisl nunc rhoncus dui vel sem',NULL,NULL,'cliente'),(19,19,'Old Shore','Bartelt','721','duis mattis egestas metus aenean fermentum donec ut mauris eget massa tempor',NULL,NULL,'cliente'),(20,20,'Pawling','Katie','97667','ut massa volutpat convallis morbi odio odio elementum eu interdum eu tincidunt in leo',NULL,NULL,'cliente'),(21,21,'Holy Cross','Northland','740','eros suspendisse accumsan tortor quis turpis sed ante vivamus tortor duis mattis egestas metus',NULL,NULL,'cliente'),(22,22,'Graedel','Spaight','92438','sagittis nam congue risus semper porta volutpat quam pede lobortis ligula sit amet eleifend pede libero quis orci',NULL,NULL,'cliente'),(23,23,'Ridgeway','Independence','6','sem mauris laoreet ut rhoncus aliquet pulvinar sed nisl nunc rhoncus dui vel sem sed sagittis nam congue',NULL,NULL,'cliente'),(24,24,'Stuart','Lakewood Gardens','1','eget tincidunt eget tempus vel pede morbi porttitor lorem id ligula suspendisse ornare consequat',NULL,NULL,'cliente'),(25,25,'Prentice','Surrey','19085','amet consectetuer adipiscing elit proin interdum mauris non ligula pellentesque',NULL,NULL,'cliente'),(26,26,'Northport','Sullivan','456','cras mi pede malesuada in imperdiet et commodo vulputate justo in blandit',NULL,NULL,'cliente'),(27,27,'Monterey','Village Green','289','aliquet massa id lobortis convallis tortor risus dapibus augue vel accumsan tellus nisi eu orci mauris lacinia',NULL,NULL,'cliente'),(28,28,'Hauk','Arrowood','664','tortor quis turpis sed ante vivamus tortor duis mattis egestas metus aenean fermentum donec ut',NULL,NULL,'cliente'),(29,29,'6th','Caliangt','03','tellus semper interdum mauris ullamcorper purus sit amet nulla quisque arcu',NULL,NULL,'cliente'),(30,30,'Logan','Oriole','0','orci luctus et ultrices posuere cubilia curae donec pharetra magna vestibulum aliquet ultrices erat tortor sollicitudin',NULL,NULL,'cliente'),(31,31,'Kennedy','4th','6','vivamus tortor duis mattis egestas metus aenean fermentum donec ut mauris eget massa tempor convallis nulla',NULL,NULL,'cliente'),(32,32,'Ridgeview','Orin','3802','erat id mauris vulputate elementum nullam varius nulla facilisi cras non velit nec nisi vulputate nonummy',NULL,NULL,'cliente'),(33,33,'Doe Crossing','Laurel','3','at turpis a pede posuere nonummy integer non velit donec diam',NULL,NULL,'cliente'),(34,34,'Hanson','Superior','4472','tincidunt eu felis fusce posuere felis sed lacus morbi sem',NULL,NULL,'cliente'),(35,35,'Tomscot','Mayfield','47986','elit proin interdum mauris non ligula pellentesque ultrices phasellus id sapien in sapien iaculis congue vivamus metus arcu adipiscing molestie',NULL,NULL,'cliente'),(36,36,'Springview','Ronald Regan','65337','donec vitae nisi nam ultrices libero non mattis pulvinar nulla pede ullamcorper augue',NULL,NULL,'cliente'),(37,37,'Main','Randy','3','rutrum ac lobortis vel dapibus at diam nam tristique tortor eu pede',NULL,NULL,'cliente'),(38,38,'Burning Wood','Holy Cross','30','mollis molestie lorem quisque ut erat curabitur gravida nisi at nibh',NULL,NULL,'cliente'),(39,39,'Golden Leaf','Karstens','0719','platea dictumst aliquam augue quam sollicitudin vitae consectetuer eget rutrum at lorem integer tincidunt ante',NULL,NULL,'cliente'),(40,40,'Hoepker','Dahle','14558','aenean auctor gravida sem praesent id massa id nisl venenatis lacinia',NULL,NULL,'cliente'),(41,41,'Alpine','Claremont','29','viverra diam vitae quam suspendisse potenti nullam porttitor lacus at turpis donec posuere',NULL,NULL,'cliente'),(42,42,'Havey','Lighthouse Bay','0','pretium quis lectus suspendisse potenti in eleifend quam a odio in',NULL,NULL,'cliente'),(43,43,'Sunfield','Marcy','5','vivamus metus arcu adipiscing molestie hendrerit at vulputate vitae nisl aenean lectus',NULL,NULL,'cliente'),(44,44,'Magdeline','Dayton','7224','sed interdum venenatis turpis enim blandit mi in porttitor pede justo eu',NULL,NULL,'cliente'),(45,45,'Columbus','Commercial','17','libero quis orci nullam molestie nibh in lectus pellentesque at nulla suspendisse potenti cras in purus eu magna vulputate',NULL,NULL,'cliente'),(46,46,'Express','Hintze','329','eget semper rutrum nulla nunc purus phasellus in felis donec semper sapien',NULL,NULL,'cliente'),(47,47,'Express','Old Shore','42035','imperdiet et commodo vulputate justo in blandit ultrices enim lorem ipsum',NULL,NULL,'cliente'),(48,48,'Dorton','Clemons','424','justo nec condimentum neque sapien placerat ante nulla justo aliquam quis turpis eget elit sodales scelerisque mauris',NULL,NULL,'cliente'),(49,49,'Talmadge','Northland','73','id turpis integer aliquet massa id lobortis convallis tortor risus',NULL,NULL,'cliente'),(50,50,'Larry','Portage','7','duis aliquam convallis nunc proin at turpis a pede posuere nonummy integer non velit donec diam neque',NULL,NULL,'cliente'),(51,51,'Northland','Melvin','6381','venenatis non sodales sed tincidunt eu felis fusce posuere felis sed',NULL,NULL,'cliente'),(52,52,'Sunfield','Memorial','5549','id nulla ultrices aliquet maecenas leo odio condimentum id luctus nec molestie sed justo pellentesque viverra pede',NULL,NULL,'cliente'),(53,53,'Miller','Lawn','907','est donec odio justo sollicitudin ut suscipit a feugiat et eros',NULL,NULL,'cliente'),(54,54,'Sachtjen','Banding','60173','interdum venenatis turpis enim blandit mi in porttitor pede justo eu massa donec dapibus duis at velit eu est congue',NULL,NULL,'cliente'),(55,55,'Rieder','Sloan','49920','quis lectus suspendisse potenti in eleifend quam a odio in hac',NULL,NULL,'cliente'),(56,56,'Summit','Union','44','justo in hac habitasse platea dictumst etiam faucibus cursus urna ut tellus nulla ut erat id',NULL,NULL,'cliente'),(57,57,'Dapin','Dovetail','04155','feugiat et eros vestibulum ac est lacinia nisi venenatis tristique fusce congue diam id',NULL,NULL,'cliente'),(58,58,'Esker','Linden','6','eu interdum eu tincidunt in leo maecenas pulvinar lobortis est',NULL,NULL,'cliente'),(59,59,'Shasta','Banding','17977','vitae nisl aenean lectus pellentesque eget nunc donec quis orci eget orci vehicula condimentum',NULL,NULL,'cliente'),(60,60,'Cottonwood','Springs','16678','velit eu est congue elementum in hac habitasse platea dictumst',NULL,NULL,'cliente'),(61,61,'Sutherland','Lyons','1649','mauris eget massa tempor convallis nulla neque libero convallis eget eleifend luctus ultricies eu nibh',NULL,NULL,'cliente'),(62,62,'Sage','Myrtle','85437','ornare consequat lectus in est risus auctor sed tristique in tempus sit amet sem fusce consequat nulla nisl nunc nisl',NULL,NULL,'cliente'),(63,63,'Birchwood','Cambridge','9','sed interdum venenatis turpis enim blandit mi in porttitor pede justo eu',NULL,NULL,'cliente'),(64,64,'Lake View','Fair Oaks','5','hac habitasse platea dictumst etiam faucibus cursus urna ut tellus nulla ut',NULL,NULL,'cliente'),(65,65,'Maywood','Redwing','00320','est quam pharetra magna ac consequat metus sapien ut nunc vestibulum ante ipsum',NULL,NULL,'cliente'),(66,66,'Eastlawn','Summit','1','nunc proin at turpis a pede posuere nonummy integer non velit donec diam neque vestibulum',NULL,NULL,'cliente'),(67,67,'Sunnyside','Namekagon','64346','pretium nisl ut volutpat sapien arcu sed augue aliquam erat volutpat in',NULL,NULL,'cliente'),(68,68,'Monica','Warner','31','donec pharetra magna vestibulum aliquet ultrices erat tortor sollicitudin mi sit amet lobortis sapien sapien non mi integer ac neque',NULL,NULL,'cliente'),(69,69,'International','Jenifer','09804','etiam justo etiam pretium iaculis justo in hac habitasse platea dictumst etiam faucibus cursus urna ut tellus nulla ut erat',NULL,NULL,'cliente'),(70,70,'Lyons','Grasskamp','1581','dolor morbi vel lectus in quam fringilla rhoncus mauris enim leo rhoncus sed',NULL,NULL,'cliente'),(71,71,'Clemons','Graceland','8','mattis nibh ligula nec sem duis aliquam convallis nunc proin at',NULL,NULL,'cliente'),(72,72,'Schiller','Annamark','85','non mi integer ac neque duis bibendum morbi non quam nec',NULL,NULL,'cliente'),(73,73,'Mandrake','Vidon','564','nunc purus phasellus in felis donec semper sapien a libero nam dui proin leo odio porttitor id',NULL,NULL,'cliente'),(74,74,'Victoria','Burrows','813','egestas metus aenean fermentum donec ut mauris eget massa tempor convallis nulla neque libero convallis eget',NULL,NULL,'cliente'),(75,75,'Elka','Warner','68','quis orci eget orci vehicula condimentum curabitur in libero ut massa',NULL,NULL,'cliente'),(76,76,'Messerschmidt','Old Shore','26','natoque penatibus et magnis dis parturient montes nascetur ridiculus mus vivamus',NULL,NULL,'cliente'),(77,77,'Bay','Glendale','06220','sit amet sem fusce consequat nulla nisl nunc nisl duis bibendum felis sed interdum venenatis turpis enim',NULL,NULL,'cliente'),(78,78,'Thackeray','Barby','08','ligula vehicula consequat morbi a ipsum integer a nibh in quis justo maecenas rhoncus aliquam lacus',NULL,NULL,'cliente'),(79,79,'Jackson','Kim','8203','nullam orci pede venenatis non sodales sed tincidunt eu felis fusce posuere',NULL,NULL,'cliente'),(80,80,'Marcy','New Castle','41','lectus pellentesque at nulla suspendisse potenti cras in purus eu magna vulputate luctus cum sociis',NULL,NULL,'cliente'),(81,81,'Larry','Tony','0689','primis in faucibus orci luctus et ultrices posuere cubilia curae nulla dapibus dolor vel est donec odio justo sollicitudin',NULL,NULL,'cliente'),(82,82,'Melby','Rutledge','0214','nibh fusce lacus purus aliquet at feugiat non pretium quis lectus suspendisse potenti in eleifend quam',NULL,NULL,'cliente'),(83,83,'Fairfield','Dayton','62272','vel pede morbi porttitor lorem id ligula suspendisse ornare consequat lectus in est risus auctor sed tristique',NULL,NULL,'cliente'),(84,84,'Birchwood','Golden Leaf','081','suspendisse potenti cras in purus eu magna vulputate luctus cum sociis natoque penatibus et magnis dis parturient',NULL,NULL,'cliente'),(85,85,'Helena','Park Meadow','1343','est congue elementum in hac habitasse platea dictumst morbi vestibulum velit id pretium',NULL,NULL,'cliente'),(86,86,'Nevada','Ronald Regan','6','semper rutrum nulla nunc purus phasellus in felis donec semper sapien a',NULL,NULL,'cliente'),(87,87,'Nancy','Kings','3671','diam vitae quam suspendisse potenti nullam porttitor lacus at turpis donec posuere',NULL,NULL,'cliente'),(88,88,'Harper','Morningstar','3','donec posuere metus vitae ipsum aliquam non mauris morbi non lectus aliquam sit amet',NULL,NULL,'cliente'),(89,89,'Oak','Ridgeview','94','ipsum dolor sit amet consectetuer adipiscing elit proin risus praesent lectus vestibulum quam sapien',NULL,NULL,'cliente'),(90,90,'Dahle','Bayside','14','blandit ultrices enim lorem ipsum dolor sit amet consectetuer adipiscing elit proin interdum mauris',NULL,NULL,'cliente'),(91,91,'Meadow Vale','Judy','2717','condimentum curabitur in libero ut massa volutpat convallis morbi odio odio elementum eu interdum eu tincidunt',NULL,NULL,'cliente'),(92,92,'Blackbird','Golf','5','aliquam sit amet diam in magna bibendum imperdiet nullam orci pede venenatis',NULL,NULL,'cliente'),(93,93,'Little Fleur','David','84','vestibulum eget vulputate ut ultrices vel augue vestibulum ante ipsum',NULL,NULL,'cliente'),(94,94,'Drewry','Vera','81','enim in tempor turpis nec euismod scelerisque quam turpis adipiscing lorem vitae mattis nibh ligula nec sem duis aliquam convallis',NULL,NULL,'cliente'),(95,95,'Myrtle','Pearson','6325','cras mi pede malesuada in imperdiet et commodo vulputate justo in blandit ultrices enim lorem ipsum',NULL,NULL,'cliente'),(96,96,'Lakewood','David','8190','tincidunt eget tempus vel pede morbi porttitor lorem id ligula suspendisse ornare consequat',NULL,NULL,'cliente'),(97,97,'East','Menomonie','702','blandit ultrices enim lorem ipsum dolor sit amet consectetuer adipiscing elit',NULL,NULL,'cliente'),(98,98,'Waubesa','Bluejay','709','vivamus in felis eu sapien cursus vestibulum proin eu mi nulla ac',NULL,NULL,'cliente'),(99,99,'Susan','Hollow Ridge','4521','pellentesque quisque porta volutpat erat quisque erat eros viverra eget congue eget semper rutrum nulla',NULL,NULL,'cliente'),(100,100,'Bowman','Corry','5','odio justo sollicitudin ut suscipit a feugiat et eros vestibulum ac',NULL,NULL,'cliente'),(101,15,'Sucre','Quito','124n',NULL,376,3,'inmueble'),(102,16,'Bolivar','Quito','124n',NULL,685,29,'inmueble'),(103,17,'Quito','Maldonado','145H',NULL,162,66,'inmueble');
